status,seed,corruption,corruption_family,severity,n,accuracy,prediction_change_rate,operational_prediction_change_count,numeric_argmax_mismatch_count,numeric_argmax_mismatch_rate,global_aurc,orbit_aurc,delta_aurc,global_error_auroc,orbit_error_auroc,delta_error_auroc,global_nll,orbit_nll,delta_nll,global_brier,orbit_brier,delta_brier,global_ece15,orbit_ece15,delta_ece15,q_func_mean,q_func_median,q_func_iqr,q_func_q90,q_func_q95
COMPLETE,0,gaussian_noise,Noise,1,10000,0.7761,0.0,0,0,0.0,0.05941411166877911,0.058989431829251024,-0.0004246798395280832,0.8773791887484512,0.8779305535821479,0.0005513648336966659,0.9082814536473712,0.8951946529545359,-0.013086800692835299,0.34491668842306733,0.3424694437876047,-0.002447244635462642,0.097926949991515,0.09216584070293665,-0.005761109288578342,0.6325972538535793,0.6838487972508591,0.45322065117286964,0.9614637880875825,0.9833887043189369
COMPLETE,0,gaussian_noise,Noise,2,10000,0.6068,0.0,0,0,0.0,0.1864288145006882,0.18173859687651175,-0.004690217624176457,0.7973316234255247,0.7987827510660798,0.0014511276405551055,1.6273855484110327,1.5902778947326663,-0.037107653678366326,0.6093627784131961,0.6034683565225883,-0.005894421890607737,0.19788394652172042,0.18920871962046903,-0.008675226901251387,0.6787739231369145,0.734006734006734,0.40036505126019195,0.9797979797979798,0.9936507936507937
COMPLETE,0,gaussian_noise,Noise,3,10000,0.4279,0.0,0,0,0.0,0.38484926096883226,0.3807916998092692,-0.004057561159563072,0.7248043201026595,0.7250290326954167,0.00022471259275724798,2.456373860194537,2.385006787828341,-0.0713670723661961,0.9031931024743522,0.8918413028767045,-0.01135179959764776,0.3360221381798074,0.3235066728497129,-0.01251546533009451,0.6917549631191667,0.7524599683833573,0.3949229293537665,0.9803921568627451,0.9967320261437909
COMPLETE,0,gaussian_noise,Noise,4,10000,0.3657,0.0,0,0,0.0,0.4721123718545288,0.4706433260682472,-0.0014690457862815975,0.6866772278105293,0.6850853826103942,-0.0015918452001351113,2.792488679445174,2.7080167257519947,-0.08447195369317928,1.0195579504680778,1.0062335504757458,-0.013324399992332037,0.400937535975961,0.3884880026033986,-0.012449533372562382,0.6853703644948522,0.7483660130718954,0.39869281045751637,0.9803921568627451,0.9967320261437909
COMPLETE,0,gaussian_noise,Noise,5,10000,0.3087,0.0,0,0,0.0,0.5537088565465932,0.5513473545332915,-0.002361502013301653,0.658992079400833,0.6580395213198833,-0.0009525580809497391,3.103897499853134,3.0061758225420796,-0.0977216773110543,1.121562295676715,1.1070980282744618,-0.014464267402253261,0.45228997656873576,0.43767499682734434,-0.01461497974139142,0.6791607037587946,0.7353446533252477,0.4019607843137255,0.9779522184300348,0.9932659932659933
COMPLETE,0,shot_noise,Noise,1,10000,0.8448,0.0,0,0,0.0,0.03185975071617957,0.03034429747372548,-0.0015154532424540915,0.8973812352341065,0.899911114812754,0.002529879578647476,0.6518594017221232,0.6451438343301503,-0.0067155673919728764,0.24558076805066242,0.24463813635453638,-0.000942631696126045,0.06749536411864215,0.06186824593676113,-0.0056271181818810245,0.591476534139116,0.6363636363636364,0.4883508179328115,0.9453924914675768,0.973421926910299
COMPLETE,0,shot_noise,Noise,2,10000,0.7692,0.0,0,0,0.0,0.06492496447439719,0.06310312313697664,-0.0018218413374205544,0.8710431216208787,0.8724634340659587,0.0014203124450800075,0.9521453462696376,0.9376767294332081,-0.014468616836429526,0.3597932068368251,0.35733635738512565,-0.002456849451699439,0.1073147709632426,0.10070181679555915,-0.006612954167683455,0.6317607451462455,0.6877076411960132,0.4448515469896719,0.9562289562289562,0.983001786573215
COMPLETE,0,shot_noise,Noise,3,10000,0.5799,0.0,0,0,0.0,0.20533077931930346,0.2013452679719254,-0.003985511347378068,0.7994819633965734,0.8001458771240755,0.0006639137275020746,1.71589499289403,1.6759807567913843,-0.03991423610264566,0.6443369805381535,0.637394459767247,-0.006942520770906513,0.21278154951839726,0.2038184022919726,-0.008963147226424661,0.6822166050193836,0.7391304347826086,0.39342836110553436,0.9771241830065359,0.9935732149236971
COMPLETE,0,shot_noise,Noise,4,10000,0.5076,0.0,0,0,0.0,0.27945655690624055,0.2752727992978312,-0.004183757608409333,0.7667626328386911,0.7675011234595641,0.0007384906208730557,2.0330770460840943,1.9814820584289856,-0.051594987655108726,0.7590375716399542,0.7503256002219749,-0.008711971417979303,0.258366554458969,0.24672301096224114,-0.01164354349672786,0.6885036264956697,0.7517006802721088,0.3920265780730896,0.9803921568627451,0.9965870307167235
COMPLETE,0,shot_noise,Noise,5,10000,0.3988,0.0,0,0,0.0,0.4233382688916069,0.42051783109307633,-0.002820437798530584,0.7019385251563073,0.7013385048692318,-0.0006000202870755089,2.5706974556268802,2.498633390975595,-0.07206406465128534,0.9486967654836234,0.936952128793003,-0.011744636690620314,0.3533421256567759,0.3419261646501333,-0.011415961006642605,0.6801932764112149,0.7346938775510204,0.39542483660130723,0.9797979797979798,0.9965870307167235
COMPLETE,0,impulse_noise,Noise,1,10000,0.831,0.0,0,0,0.0,0.05205996536859764,0.04931664352835468,-0.0027433218402429585,0.8460387784020108,0.8498061079899457,0.003767329587934909,0.7517175496179245,0.7429280274550869,-0.00878952216283757,0.2789470168011132,0.2783655443390567,-0.0005814724620565315,0.08966284872302335,0.08559894026348468,-0.004063908459538676,0.6586710544520542,0.7098976109215017,0.40266474482769693,0.9591836734693877,0.9831649831649831
COMPLETE,0,impulse_noise,Noise,2,10000,0.729,0.0,0,0,0.0,0.1120941635138584,0.10882492894046905,-0.0032692345733893458,0.8021751476774027,0.805069321063581,0.002894173386178256,1.1813009982650722,1.1614240671733747,-0.019876931091697525,0.4404729205890024,0.4384049942105603,-0.0020679263784421087,0.14772811681425949,0.14179067018729694,-0.00593744662696255,0.7209364934325517,0.7843137254901961,0.3348279015815655,0.9761092150170648,0.9935691318327974
COMPLETE,0,impulse_noise,Noise,3,10000,0.6457,0.0,0,0,0.0,0.16920667913754955,0.16543439729700926,-0.0037722818405402925,0.7861139265112165,0.7883038408060514,0.0021899142948349493,1.4665199739296997,1.4405065863023638,-0.02601338762733585,0.5522420150390824,0.548760778469322,-0.003481236569760404,0.1761154292963713,0.16996142587803714,-0.006154003418334164,0.7560512196190147,0.819935691318328,0.30789693004989105,0.9865319865319865,0.9967845659163987
COMPLETE,0,impulse_noise,Noise,4,10000,0.4745,0.0,0,0,0.0,0.304406555571621,0.30339300497441046,-0.001013550597210533,0.7626389839973772,0.7636440381432106,0.0010050541458334061,1.9360707122793905,1.900504889402787,-0.03556582287660359,0.7448318989938116,0.7377582956750096,-0.007073603318802024,0.19910513734127994,0.19036779375006604,-0.008737343591213892,0.7726677572970485,0.8380952380952381,0.3021850154203095,0.9965635738831615,1.0
COMPLETE,0,impulse_noise,Noise,5,10000,0.3089,0.0,0,0,0.0,0.5328665596920751,0.5332861210250854,0.00041956133301035425,0.6779889656582215,0.6780736102765968,8.4644618375318e-05,2.5268756101841148,2.4648155721368,-0.06206003804731486,0.9700642965921196,0.9561197498460234,-0.013944546746096131,0.28426868549232687,0.27006384969147385,-0.014204835800853022,0.7573213706194707,0.819935691318328,0.3241021494508456,0.9966555183946488,1.0
COMPLETE,0,defocus_blur,Blur,1,10000,0.9287,0.0,0,0,0.0,0.00883408538525649,0.007910183823658065,-0.0009239015615984253,0.9297565811202707,0.9333795555807927,0.003622974460521955,0.3185215291623521,0.31781811764470186,-0.0007034115176502431,0.11879422109011584,0.11862653853808318,-0.00016768255203265803,0.02916368136202999,0.025859013348233553,-0.0033046680137964364,0.49644879330716274,0.5,0.5075136163790275,0.8963210702341137,0.9468872820446002
COMPLETE,0,defocus_blur,Blur,2,10000,0.9141,0.0,0,0,0.0,0.01196729976345961,0.011202057759805099,-0.0007652420036545118,0.9231473695189797,0.925369954276037,0.0022225847570572776,0.37582684882835765,0.3743575877728728,-0.0014692610554848384,0.14020944880189112,0.13993030087103708,-0.0002791479308540401,0.03467415858172895,0.03094871081924342,-0.003725447762485533,0.5063739034377664,0.5187713310580204,0.49445862476657715,0.8986928104575164,0.9519064541477543
COMPLETE,0,defocus_blur,Blur,3,10000,0.8677,0.0,0,0,0.0,0.024357298081008602,0.023664332946967646,-0.0006929651340409557,0.9024218551211094,0.9037885319187284,0.0013666767976190375,0.5549574030407404,0.5517529241916591,-0.0032044788490812603,0.21054081578287545,0.2100228092200834,-0.0005180065627920505,0.05583054735963394,0.05223682326468002,-0.0035937240949539193,0.5384083356675065,0.560680973420296,0.49064528445971745,0.9149659863945578,0.9591836734693877
COMPLETE,0,defocus_blur,Blur,4,10000,0.7683,0.0,0,0,0.0,0.06555242866384052,0.06539910366493625,-0.0001533249989042751,0.8651321789481804,0.8646163238614969,-0.0005158550866835032,0.9558847847026789,0.945887904418923,-0.009996880283755893,0.36387147935163877,0.3620471172082012,-0.0018243621434375634,0.10680400265867555,0.10201878806130037,-0.004785214597375187,0.5558082409923942,0.5892255892255892,0.4950230928491798,0.9333333333333333,0.9696969696969697
COMPLETE,0,defocus_blur,Blur,5,10000,0.5495,0.0,0,0,0.0,0.22843317182567788,0.23119496957916408,0.0027617977534862004,0.7893544226968519,0.7868556522476795,-0.0024987704491723495,1.755141552918513,1.7355763446228878,-0.019565208295625247,0.6711106876290128,0.6674111317455167,-0.0036995558834961306,0.20287007654925873,0.19409770326877107,-0.00877237328048766,0.5082388396474602,0.515358361774744,0.5122141880007817,0.9235880398671097,0.9692832764505119
COMPLETE,0,glass_blur,Blur,1,10000,0.4682,0.0,0,0,0.0,0.335052008136736,0.32974477291758614,-0.005307235219149886,0.733045057937555,0.7352795764756609,0.0022345185381058563,2.1685150848734027,2.1154124005473394,-0.053102684326063354,0.8134521079479989,0.8043826001764838,-0.009069507771515162,0.27328941682568975,0.2627900982821832,-0.010499318543506553,0.6869337131137772,0.7441077441077442,0.3917493127351054,0.9803921568627451,0.9967845659163987
COMPLETE,0,glass_blur,Blur,2,10000,0.4915,0.0,0,0,0.0,0.30439221682653406,0.3016526572543601,-0.0027395595721739774,0.746293398792251,0.7474482525449855,0.001154853752734497,2.060135603317837,2.0120608475767328,-0.04807475574110409,0.7741194931705219,0.7658249801038488,-0.00829451306667306,0.2549144101089499,0.2450937451845821,-0.009820664924367783,0.6901088632400464,0.7541528239202658,0.3932465760301478,0.9803921568627451,0.9967320261437909
COMPLETE,0,glass_blur,Blur,3,10000,0.5271,0.0,0,0,0.0,0.25569777267783034,0.2529007868648685,-0.0027969858129618386,0.7748728173832578,0.7762639440124888,0.001391126629231021,1.8944887847097387,1.8513865674392105,-0.04310221727052821,0.7152800310197859,0.7072603388565248,-0.008019692163261039,0.23188871357114488,0.2225297440277931,-0.009358969543351775,0.6812407517486184,0.7441077441077442,0.4035222735282964,0.9797979797979798,0.9965986394557823
COMPLETE,0,glass_blur,Blur,4,10000,0.3853,0.0,0,0,0.0,0.44237975899818666,0.4383165298993008,-0.0040632290988858455,0.6993757618678058,0.7011038620330158,0.001728100165209967,2.490306604999283,2.423517932555474,-0.06678867244380893,0.928821273162691,0.9174439677223645,-0.011377305440326557,0.31373229973763417,0.3026949016419711,-0.011037398095663065,0.6996729902836422,0.7588424437299035,0.38170348913171637,0.9831649831649831,1.0
COMPLETE,0,glass_blur,Blur,5,10000,0.4195,0.0,0,0,0.0,0.391466337588729,0.3869955713964352,-0.004470766192293807,0.7238938114875693,0.7255784387097965,0.0016846272222272862,2.322498528885859,2.2631398357938974,-0.05935869309196162,0.8702588246081318,0.859661276091135,-0.010597548516996791,0.28777423497973,0.2754111807354356,-0.012363054244294402,0.6946032122007264,0.7541528239202658,0.38883682182651247,0.9803921568627451,0.9967845659163987
COMPLETE,0,motion_blur,Blur,1,10000,0.8769,0.0,0,0,0.0,0.02185969443012794,0.02088181722427113,-0.0009778772058568093,0.9066351362004786,0.9079096577477023,0.0012745215472236282,0.5256780339710941,0.5216722086026323,-0.004005825368461835,0.1989325860261548,0.19810470371099226,-0.000827882315162537,0.0547553727137252,0.05062243719152952,-0.00413293552219568,0.5436535013529665,0.5647049517481411,0.49236567105899137,0.9206349206349206,0.9601654615334501
COMPLETE,0,motion_blur,Blur,2,10000,0.7998,0.0,0,0,0.0,0.051747838498228,0.05080268953514925,-0.0009451489630787485,0.8744195289581635,0.8759212155686272,0.0015016866104636817,0.8259583909921228,0.8164733069389486,-0.009485084053174164,0.3131561025983438,0.31138454693422807,-0.0017715556641157426,0.08975984419233299,0.08510352581343314,-0.0046563183788998486,0.5698082330896181,0.6053511705685619,0.48532274646192886,0.9389067524115756,0.9726962457337884
COMPLETE,0,motion_blur,Blur,3,10000,0.7204,0.0,0,0,0.0,0.0980820493008255,0.09772072488558296,-0.000361324415242531,0.8375538367255833,0.8365150818294398,-0.0010387548961434678,1.1547493397892752,1.1395671406194503,-0.015182199169824884,0.4378075704689715,0.435131423976517,-0.002676146492454512,0.13388539791766446,0.1280939365274559,-0.005791461390208558,0.5752853254808667,0.6109215017064846,0.4881467738610596,0.9453924914675768,0.9761904761904762
COMPLETE,0,motion_blur,Blur,4,10000,0.7144,0.0,0,0,0.0,0.09964417032751118,0.0987570070188757,-0.0008871633086354747,0.8405925640132874,0.8404204837029996,-0.00017208031028781434,1.1653441813332932,1.1500730423232177,-0.015271139010075485,0.44159230421514595,0.4388735715645397,-0.002718732650606237,0.1346276874443333,0.1284003688641678,-0.006227318580165481,0.5768517556213495,0.614498512583328,0.49035814309272546,0.9450171821305842,0.9742765273311897
COMPLETE,0,motion_blur,Blur,5,10000,0.627,0.0,0,0,0.0,0.16276633323882203,0.16204872505971515,-0.0007176081791068767,0.8128820161542046,0.8125669279218031,-0.00031508823240156136,1.4805812721360798,1.460291497222022,-0.020289774914057812,0.5630033503322033,0.5590291897799159,-0.003974160552287387,0.1705915751492261,0.1645307173473521,-0.006060857801873987,0.5660517942507483,0.6013289036544851,0.4902089735012983,0.9464882943143813,0.9778649981039047
COMPLETE,0,zoom_blur,Blur,1,10000,0.852,0.0,0,0,0.0,0.02856498155452446,0.027831858666853514,-0.0007331228876709464,0.9029728143636595,0.9039229634564143,0.0009501490927548151,0.6060769343353526,0.6027201614886704,-0.003356772846682232,0.23183202641769368,0.23114049261520908,-0.0006915338024846007,0.061957468287164454,0.05746498614981256,-0.004492482137351893,0.5673468947240647,0.6031746031746031,0.477671996633705,0.9269176818014028,0.9650793650793651
COMPLETE,0,zoom_blur,Blur,2,10000,0.8258,0.0,0,0,0.0,0.03859694211848864,0.03794601239603296,-0.0006509297224556801,0.8888725374747071,0.8899287445997467,0.001056207125039621,0.7140120237029254,0.7083726139889602,-0.005639409713965149,0.2722153254200804,0.2711189963418163,-0.0010963290782641244,0.07365348672924171,0.0688949610521171,-0.004758525677124606,0.5708741988357572,0.6046511627906976,0.48356445522887304,0.9385665529010239,0.9726962457337884
COMPLETE,0,zoom_blur,Blur,3,10000,0.7677,0.0,0,0,0.0,0.0633550878884445,0.06296400987489492,-0.00039107801354958116,0.8735701695966018,0.8735398337224007,-3.033587420109285e-05,0.9219329275867025,0.9133917703409663,-0.00854115724573623,0.35424968074412244,0.3523571924059614,-0.0018924883381610247,0.09749786461930075,0.09147871036934016,-0.006019154249960593,0.5765581887413948,0.6143344709897611,0.4839195807788471,0.9421276549204891,0.973421926910299
COMPLETE,0,zoom_blur,Blur,4,10000,0.71,0.0,0,0,0.0,0.0977859068160681,0.09669747668396496,-0.0010884301321031353,0.8513840213695969,0.8519985429820301,0.0006145216124332498,1.1497824315118699,1.1354635916335516,-0.014318839878318279,0.43981246789439277,0.43690835071775874,-0.0029041171766340246,0.1261966626691306,0.12042854738535741,-0.00576811528377319,0.5743878741810815,0.6094276094276094,0.4868870467502038,0.942235277949564,0.9742765273311897
COMPLETE,0,zoom_blur,Blur,5,10000,0.6166,0.0,0,0,0.0,0.16682509471320586,0.16514287815250675,-0.0016822165606991124,0.8183124225585612,0.8187921512810841,0.00047972872252288745,1.5036906434817596,1.4825523292408986,-0.02113831424086099,0.5746951481955337,0.5704664124728501,-0.004228735722683563,0.1709200263247571,0.16409826737650984,-0.00682175894824727,0.5626898779159138,0.5986394557823129,0.5007846537098208,0.9453376205787781,0.9795221843003413
COMPLETE,0,snow,Weather,1,10000,0.8697,0.0,0,0,0.0,0.02890083307950683,0.02700809242594376,-0.0018927406535630686,0.8844489119535667,0.8888458551395753,0.004396943186008584,0.5719093519403136,0.5658687053726497,-0.006040646567663899,0.21242752126797304,0.21168532843073246,-0.000742192837240585,0.06250458695306438,0.05791095770032653,-0.004593629252737846,0.5837287706689378,0.6186428990104472,0.46918459961938225,0.9403374775947306,0.9726962457337884
COMPLETE,0,snow,Weather,2,10000,0.7576,0.0,0,0,0.0,0.07471935029624212,0.07410891435905023,-0.000610435937191886,0.851457213765199,0.8516550985219957,0.0001978847567967179,1.0224128242655683,1.0064827853830074,-0.01593003888256095,0.38450136578856436,0.3818576703488469,-0.002643695439717486,0.11938652038589914,0.1128373621886785,-0.006549158197220642,0.6404475987097332,0.6902356902356902,0.4362642926117118,0.9590443686006825,0.9829351535836177
COMPLETE,0,snow,Weather,3,10000,0.7996,0.0,0,0,0.0,0.05651572011559031,0.054063586265430785,-0.0024521338501595213,0.8653611985633536,0.8671852767701216,0.0018240782067679984,0.8432363969566532,0.8314683495760037,-0.011768047380649516,0.317435996188632,0.3155900281306123,-0.0018459680580196758,0.09541635305421997,0.08909922815587104,-0.00631712489834893,0.6417509868608231,0.6905989199803633,0.4307840307840308,0.9587910347982127,0.9833887043189369
COMPLETE,0,snow,Weather,4,10000,0.7758,0.0,0,0,0.0,0.06428648729146484,0.06235009098453022,-0.0019363963069346235,0.8629564624264005,0.8646399710787449,0.0016835086523444565,0.9340389698459513,0.920339923270938,-0.013699046575013196,0.35403039148988663,0.35171526104345285,-0.0023151304464337774,0.11044105603976193,0.10385697212190131,-0.006584083917860611,0.6480988571803561,0.6928104575163399,0.41679003669112474,0.9587301587301588,0.9829351535836177
COMPLETE,0,snow,Weather,5,10000,0.7248,0.0,0,0,0.0,0.09203260444172497,0.09133016196694471,-0.0007024424747802543,0.8471801764079265,0.8479538461291648,0.0007736697212382682,1.1346060933369766,1.115091323721671,-0.019514769615305516,0.4291217056669101,0.42561778341171874,-0.0035039222551913607,0.13284758375895978,0.12468426818893119,-0.008163315570028584,0.6501281872489785,0.7015873015873015,0.42362610573239534,0.9634551495016611,0.9863945578231292
COMPLETE,0,frost,Weather,1,10000,0.8856,0.0,0,0,0.0,0.01805074022217889,0.01788618808402271,-0.0001645521381561793,0.9141935300471885,0.9144664476219355,0.0002729175747470114,0.4884485031847842,0.4855748771096456,-0.0028736260751386355,0.18283467557799546,0.18247831655098878,-0.0003563590270066752,0.04722982109456718,0.04350055606911178,-0.003729265025455397,0.5648932331641978,0.6013180465984844,0.48491790759831993,0.9313725490196079,0.9673669467787108
COMPLETE,0,frost,Weather,2,10000,0.8202,0.0,0,0,0.0,0.040253779289627103,0.039461384652031424,-0.0007923946375956795,0.8884824613438379,0.8897627725297745,0.0012803111859366334,0.7567981314386031,0.747585553463625,-0.009212577974978098,0.2856052136842582,0.2841174220572519,-0.0014877916270062963,0.08535918552860926,0.08000667225373213,-0.005352513274877124,0.6056026268962937,0.6503267973856209,0.46938089435561625,0.9501661129568106,0.9771241830065359
COMPLETE,0,frost,Weather,3,10000,0.7177,0.0,0,0,0.0,0.09161387437261856,0.09022112547879386,-0.001392748893824694,0.8575081249776969,0.8581055879146352,0.0005974629369382978,1.1377815889787097,1.1197129145407154,-0.018068674437994314,0.4317037480775911,0.42838423807310116,-0.003319510004489934,0.1268516735647349,0.11949849857612863,-0.00735317498860627,0.6350541208574565,0.6860068259385665,0.4460674033998003,0.9650793650793651,0.9865319865319865
COMPLETE,0,frost,Weather,4,10000,0.6965,0.0,0,0,0.0,0.10563720493854215,0.10360578413823342,-0.002031420800308728,0.8505945590508437,0.8516094239141104,0.00101486486326674,1.2179524848259788,1.198255593413529,-0.01969689141244979,0.4615501608303437,0.4580389269042601,-0.003511233926083601,0.1382932629050011,0.13290757810457027,-0.005385684800430834,0.6337100968466731,0.6838487972508591,0.4462708569418719,0.9650793650793651,0.986626518072423
COMPLETE,0,frost,Weather,5,10000,0.5837,0.0,0,0,0.0,0.19352741526627473,0.19125375347817414,-0.002273661788100595,0.8084927585341402,0.8092133103857452,0.0007205518516050224,1.663472501550425,1.6312666964881244,-0.03220580506230064,0.6274361220129685,0.6219004672061015,-0.005535654806867019,0.19217355856683976,0.1846194126995521,-0.0075541458672876705,0.6407475265530181,0.6889632107023411,0.4444444444444444,0.9682539682539683,0.9900332225913622
COMPLETE,0,fog,Weather,1,10000,0.9275,0.0,0,0,0.0,0.008788656486270823,0.00829081066488029,-0.0004978458213905322,0.9300565480063203,0.9320897481178549,0.0020332001115346277,0.3206280553777806,0.3200289744823325,-0.0005990808954481341,0.11946202250807984,0.11922574595969104,-0.0002362765483888002,0.029175047535417616,0.025694113426500017,-0.0034809341089175987,0.5000054465453275,0.5068027210884354,0.49239331682616166,0.8986928104575164,0.9501661129568106
COMPLETE,0,fog,Weather,2,10000,0.9138,0.0,0,0,0.0,0.010994147494898349,0.010986524869771756,-7.6226251265933825e-06,0.9269549049150458,0.9272399134894239,0.00028500857437807614,0.3791092853301404,0.3779927736804825,-0.0011165116496578698,0.14234962049612068,0.14208488160397487,-0.00026473889214581603,0.037606756791909376,0.034738313209595244,-0.0028684435823141327,0.5125284772145561,0.5217391304347826,0.4985614960441142,0.9036544850498339,0.9556313993174061
COMPLETE,0,fog,Weather,3,10000,0.8926,0.0,0,0,0.0,0.01629874345168609,0.016018457242478603,-0.0002802862092074858,0.9158010765946031,0.9174539176035026,0.0016528410088995082,0.4643884057330363,0.4616693135672853,-0.0027190921657510025,0.173947675817477,0.17362752878814736,-0.0003201470293296427,0.04485078871574242,0.04173124107628538,-0.0031195476394570362,0.5294562759959252,0.545751633986928,0.4916566841098712,0.9136212624584718,0.9590443686006825
COMPLETE,0,fog,Weather,4,10000,0.851,0.0,0,0,0.0,0.027938689214744808,0.027899617196068333,-3.907201867647467e-05,0.9048201484238834,0.9052413662568317,0.0004212178329483507,0.6172792973470127,0.611983730753581,-0.0052955665934316665,0.23311178202358865,0.23202679941878582,-0.001084982604802831,0.06133347962386568,0.05672861849723153,-0.004604861126634149,0.5584973273458769,0.5938566552901023,0.49146757679180886,0.9297658862876255,0.9650793650793651
COMPLETE,0,fog,Weather,5,10000,0.6753,0.0,0,0,0.0,0.11625966926868642,0.11640945235462569,0.00014978308593927014,0.8482275110159894,0.8472282859057133,-0.0009992251102760585,1.2821579411946282,1.2650696547260318,-0.017088286468596392,0.4903224154704232,0.4867316375388784,-0.0035907779315448307,0.14727185437100715,0.13877766445238365,-0.008494189918623496,0.588325569146163,0.6245847176079734,0.4836924567009291,0.9501661129568106,0.9761904761904762
COMPLETE,0,brightness,Weather,1,10000,0.9294,0.0,0,0,0.0,0.00891586518534016,0.00793338966723449,-0.0009824755181056695,0.9283236435703439,0.9323627720464207,0.004039128476076792,0.3154211779371388,0.314671244887284,-0.0007499330498548229,0.11752410645103364,0.11738691651256943,-0.0001371899384642189,0.028468408677982945,0.025426606481133724,-0.0030418021968492207,0.5002863089686861,0.5079875465727556,0.5064802519671214,0.8976109215017065,0.9492063492063492
COMPLETE,0,brightness,Weather,2,10000,0.9264,0.0,0,0,0.0,0.009661836357064888,0.008748999846768205,-0.0009128365102966836,0.9260156191334383,0.9291071503998648,0.0030915312664264727,0.3294061830150752,0.3285074469273414,-0.0008987360877337758,0.12246460461719202,0.12231983314210636,-0.00014477147508566712,0.03055304692207681,0.02727668881544299,-0.00327635810663382,0.5077468809318778,0.5154639175257731,0.4997062311053188,0.9003322259136213,0.9523809523809523
COMPLETE,0,brightness,Weather,3,10000,0.9212,0.0,0,0,0.0,0.010605424882968662,0.00999892176742819,-0.0006065031155404726,0.9235797326814946,0.9252984134576177,0.0017186807761230272,0.3518515012160827,0.35037489231190966,-0.0014766089041730601,0.13088646012974267,0.13055864261302472,-0.0003278175167179542,0.033115387261553574,0.02975003930883187,-0.0033653479527217048,0.518265699786318,0.5301587301587302,0.4977265769392129,0.9096989966555183,0.9550010497121576
COMPLETE,0,brightness,Weather,4,10000,0.9143,0.0,0,0,0.0,0.012209528263937619,0.011564936163966782,-0.0006445920999708366,0.918343840784139,0.920448478990182,0.002104638206043008,0.3846431810464565,0.38259555700228387,-0.0020476240441726357,0.14315488532079254,0.14281170093252316,-0.00034318438826938524,0.03875596900762137,0.03459520084038062,-0.004160768167240751,0.532245066526183,0.5460750853242321,0.4977577547344989,0.9136212624584718,0.9590443686006825
COMPLETE,0,brightness,Weather,5,10000,0.8903,0.0,0,0,0.0,0.018344767722456252,0.01761793783968505,-0.0007268298827712016,0.9049109356581023,0.9071887007452243,0.0022777650871219635,0.49108939711792726,0.4879984956053244,-0.003090901512602884,0.1848339986258117,0.1845067310465626,-0.0003272675792491131,0.05644586335558823,0.05352268460827294,-0.0029231787473152915,0.5688813562554367,0.6046511627906976,0.4845766292865269,0.9313725490196079,0.9663299663299664
COMPLETE,0,contrast,Digital,1,10000,0.9237,0.0,0,0,0.0,0.009472207602685802,0.009038917681905652,-0.00043328992078014994,0.9269158128224128,0.9291345096101199,0.0022186967877071417,0.3419304775910545,0.3408504208018688,-0.0010800567891857127,0.12774289101963035,0.1275034009491067,-0.00023949007052365134,0.033392138711900644,0.030014235649219033,-0.0033779030626816114,0.49894201767174057,0.5049833887043189,0.5101665696247332,0.9003226116588863,0.9501661129568106
COMPLETE,0,contrast,Digital,2,10000,0.8833,0.0,0,0,0.0,0.020466890111434537,0.019396279961339854,-0.0010706101500946828,0.9059937363887526,0.9087228494144077,0.00272911302565515,0.5102123184740228,0.5065917850948093,-0.003620533379213531,0.1895503778396926,0.18920084298070117,-0.000349534858991446,0.05229501489279528,0.04923443978971612,-0.003060575103079166,0.5243255537652547,0.5360824742268041,0.5044250497626703,0.9136212624584718,0.9562435953740299
COMPLETE,0,contrast,Digital,3,10000,0.8322,0.0,0,0,0.0,0.038570507126360766,0.03772658804954259,-0.0008439190768181754,0.8852621925771375,0.8862615254481494,0.0009993328710119487,0.7147701819138607,0.7072296450433108,-0.0075405368705498965,0.268004215831219,0.26677752279495864,-0.001226693036260329,0.07803499934928101,0.0732107717631864,-0.004824227586094618,0.5482289219058533,0.572347266881029,0.5035824251662762,0.9297658862876255,0.9682539682539683
COMPLETE,0,contrast,Digital,4,10000,0.7205,0.0,0,0,0.0,0.09484079730543692,0.09496380138826262,0.00012300408282570063,0.8447558406443547,0.8429745791222801,-0.0017812615220745842,1.1620605190849016,1.1469699394708184,-0.015090579614083222,0.4398719884319823,0.4373166592553585,-0.0025553291766237662,0.13873876811915184,0.13418747758918637,-0.004551290529965474,0.5665646845275851,0.6046511627906976,0.5061224489795919,0.9453924914675768,0.9761092150170648
COMPLETE,0,contrast,Digital,5,10000,0.3179,0.0,0,0,0.0,0.5176211417738501,0.5228429279513702,0.005221786177520116,0.6825907114102181,0.6788884354559055,-0.003702275954312606,2.5526380090394154,2.5270653518753723,-0.02557265716404311,0.990133015418357,0.9842675018713848,-0.005865513546972179,0.32381960314961034,0.31812842006776243,-0.005691183081847906,0.3887043623782531,0.3333333333333333,0.5780730897009967,0.8873720136518771,0.9581993569131833
COMPLETE,0,elastic_transform,Digital,1,10000,0.8789,0.0,0,0,0.0,0.021509350226821385,0.021514812553159134,5.462326337749707e-06,0.9048407010527291,0.9038221431169263,-0.0010185579358027441,0.5127574491865426,0.5110916527207428,-0.0016657964657998958,0.19393820257016883,0.19372305314178076,-0.00021514942838807283,0.050119936667590834,0.04592497819363356,-0.004194958473957275,0.5675748183365831,0.6013071895424836,0.47178824989505574,0.9297658862876255,0.9650793650793651
COMPLETE,0,elastic_transform,Digital,2,10000,0.877,0.0,0,0,0.0,0.021470009808455832,0.02089377830401473,-0.0005762315044411034,0.9068731169637807,0.907972300247518,0.0010991832837372595,0.5256388097808025,0.5226192468475978,-0.0030195629332047114,0.19836402581036303,0.1979187732999255,-0.00044525251043753267,0.055306229376983096,0.05046597051627502,-0.004840258860708074,0.5473871708233632,0.5699658703071673,0.4831104145838401,0.9180887372013652,0.9619047619047619
COMPLETE,0,elastic_transform,Digital,3,10000,0.8377,0.0,0,0,0.0,0.034567893407161855,0.034164999582541156,-0.0004028938246206995,0.8899198146260728,0.8902567551575031,0.00033694053143029645,0.6772842277933522,0.6725408920090932,-0.004743335784259006,0.25766055322888104,0.25682516044155623,-0.0008353927873248068,0.07167058123838999,0.06692114523744896,-0.004749436000941021,0.5717918074374032,0.6046511627906976,0.477406466462554,0.9385665529010239,0.9698996655518395
COMPLETE,0,elastic_transform,Digital,4,10000,0.7543,0.0,0,0,0.0,0.07624629340062775,0.07614413832387062,-0.0001021550767571211,0.8529111428488334,0.8525685675360871,-0.00034257531274628494,1.0009986770188923,0.9902691776606338,-0.01072949935825851,0.3822289541243633,0.38049597208133457,-0.0017329820430287413,0.10940131593257663,0.10403473169123408,-0.005366584241342551,0.6274706095477681,0.6769233466582509,0.45784024485917285,0.95578231292517,0.9807073954983923
COMPLETE,0,elastic_transform,Digital,5,10000,0.6965,0.0,0,0,0.0,0.11386510808537742,0.11415851979383479,0.0002934117084573695,0.8265919855809999,0.8261814603731767,-0.0004105252078231425,1.208031031804943,1.1928329709727084,-0.015198060832234628,0.46362912317273824,0.4608285691168408,-0.002800554055897464,0.1333082469517129,0.12618116758208092,-0.007127079369631972,0.6787581979788528,0.7353951890034365,0.3901017451654202,0.9715365733922439,0.9904761904761905
COMPLETE,0,pixelate,Digital,1,10000,0.9089,0.0,0,0,0.0,0.013405867587502372,0.013019557191291248,-0.00038631039621112376,0.9162254369795264,0.9174389519713518,0.0012135149918254262,0.4075439831243885,0.40616943770411446,-0.0013745454202740426,0.15230371478219623,0.1522648562414058,-3.885854079044293e-05,0.04102917478633691,0.03757198413033619,-0.003457190656000718,0.5422474107763775,0.5647840531561462,0.4966885979197881,0.9249146757679181,0.9634551495016611
COMPLETE,0,pixelate,Digital,2,10000,0.8553,0.0,0,0,0.0,0.03196403025508744,0.030128397788201984,-0.0018356324668854576,0.8836938602515102,0.8871027442934581,0.003408884041947946,0.6366349280401091,0.630709408470817,-0.005925519569292104,0.23925542916864984,0.23870309789599997,-0.0005523312726498641,0.07465715131456509,0.07118488502248999,-0.003472266292075102,0.5769388763122768,0.612142515869224,0.488702147525677,0.9435215946843853,0.9742765273311897
COMPLETE,0,pixelate,Digital,3,10000,0.8078,0.0,0,0,0.0,0.052699073615845124,0.0496261341200077,-0.0030729394958374234,0.8631102345265812,0.8666410406960852,0.003530806169503964,0.8320936798876828,0.821130418899492,-0.010963260988190782,0.3116566500026152,0.31025604293458725,-0.0014006070680279703,0.09823103404142947,0.09336578149251819,-0.004865252548911278,0.5904739908199356,0.6288659793814433,0.4809046026437331,0.9489795918367347,0.9797979797979798
COMPLETE,0,pixelate,Digital,4,10000,0.6291,0.0,0,0,0.0,0.168478517531715,0.16375378135523433,-0.004724736176480671,0.8010943492436716,0.8031154933423745,0.0020211440987029095,1.5815757810672044,1.5483715153012034,-0.033204265766000995,0.5868796903893608,0.5819578685500417,-0.004921821839319107,0.20637517304848318,0.19814492166023207,-0.00823025138825112,0.6131453227266059,0.654485049833887,0.45931441835878695,0.959866220735786,0.9897610921501706
COMPLETE,0,pixelate,Digital,5,10000,0.4505,0.0,0,0,0.0,0.35071905228011,0.3388253540774738,-0.01189369820263625,0.7432837641726562,0.7470222854193955,0.003738521246739346,2.3631152893443934,2.304500760682375,-0.05861452866201855,0.8629378471637512,0.8543716608570056,-0.00856618630674566,0.31504329881205245,0.30607254903469877,-0.008970749777353682,0.5908753952187471,0.6158730158730159,0.4956383822363204,0.9665551839464883,0.9904761904761905
COMPLETE,0,jpeg_compression,Digital,1,10000,0.8496,0.0,0,0,0.0,0.03279223962104809,0.03242507277279199,-0.0003671668482560994,0.8886961354780223,0.889734327418159,0.0010381919401367679,0.6438549652464192,0.6367380203064176,-0.0071169449400015905,0.24025602473474195,0.23926493365237603,-0.0009910910823659191,0.06781176958182483,0.06372529199624505,-0.004086477585579784,0.5844464894650059,0.6187290969899666,0.48447702555885996,0.9435215946843853,0.9726962457337884
COMPLETE,0,jpeg_compression,Digital,2,10000,0.7951,0.0,0,0,0.0,0.05901106807887145,0.05773765113330751,-0.001273416945563939,0.8558733246503305,0.8569161320506355,0.0010428074003050458,0.8814784401874333,0.8692758950429865,-0.012202545144446741,0.330973496197996,0.32922187893012556,-0.0017516172678704311,0.10560399865756948,0.09963536343808727,-0.00596863521948221,0.6217279539820676,0.6689419795221843,0.45331994018742794,0.9553264604810997,0.9803921568627451
COMPLETE,0,jpeg_compression,Digital,3,10000,0.7712,0.0,0,0,0.0,0.07011948713680506,0.06889226115162865,-0.0012272259851764111,0.8504806672191916,0.8515814854880597,0.0011008182688680979,0.9710077805327281,0.9565859904519799,-0.014421790080748176,0.3659094546603101,0.3635179230038811,-0.0023915316564290245,0.11485214977708269,0.10840567647045408,-0.006446473306628606,0.6354670331278898,0.6828001963015013,0.44164332399626516,0.9587301587301588,0.9829351535836177
COMPLETE,0,jpeg_compression,Digital,4,10000,0.7428,0.0,0,0,0.0,0.08535205807841531,0.08516649970082646,-0.0001855583775888514,0.8424107303624385,0.8425324797684521,0.00012174940601361595,1.0748694368032483,1.058058470461031,-0.01681096634221735,0.4055360192663018,0.4028034295675811,-0.0027325896987207,0.1269414893434357,0.12020297544133421,-0.006738513902101478,0.6493267445299952,0.6961620825804724,0.4334470989761093,0.9650793650793651,0.9863945578231292
COMPLETE,0,jpeg_compression,Digital,5,10000,0.7063,0.0,0,0,0.0,0.11229496094160067,0.11210417097160762,-0.00019078996999305486,0.822165614773715,0.8218725666192843,-0.0002930481544306529,1.2302689302405587,1.209261625231529,-0.02100730500902981,0.4642556294560976,0.46079282703883157,-0.003462802417266042,0.15101949922599456,0.14373630393169898,-0.00728319529429558,0.6596318455208954,0.7133105802047781,0.41893347544589704,0.9663299663299664,0.9873015873015873
COMPLETE,1,gaussian_noise,Noise,1,10000,0.7886,0.0,0,0,0.0,0.058556741709924816,0.056848314411726344,-0.0017084272981984713,0.8663791934786891,0.8687160653311582,0.0023368718524691134,0.8925885685238709,0.8779023134462448,-0.01468625507762611,0.3354867016742232,0.3332197208717839,-0.0022669808024392557,0.10412534828111479,0.09790396844851054,-0.0062213798326042485,0.6386462150004176,0.6902356902356902,0.42837719298245613,0.9633333333333334,0.9869281045751634
COMPLETE,1,gaussian_noise,Noise,2,10000,0.6246,0.0,0,0,0.0,0.18291260034934415,0.17855426888842818,-0.004358331460915965,0.781120098002839,0.7828198965825075,0.00169979857966851,1.6381469493795773,1.5959381712320233,-0.04220877814755397,0.6048175073627766,0.5985359039934771,-0.006281603369299504,0.2173003657787183,0.20944452717480622,-0.007855838603912091,0.6989615351740616,0.7679180887372014,0.3810031066771681,0.9802631578947368,0.9966666666666667
COMPLETE,1,gaussian_noise,Noise,3,10000,0.466,0.0,0,0,0.0,0.3693298182011772,0.3625008621889551,-0.006828956012222109,0.6955439150632525,0.6972682081946922,0.0017242931314396248,2.4276436573169304,2.3514294577441017,-0.07621419957282871,0.872667721622752,0.8624967358844425,-0.010170985738309435,0.33951454685597754,0.32881870956134923,-0.010695837294628308,0.7312509003560529,0.8044871794871795,0.3533734816780648,0.9866666666666667,1.0
COMPLETE,1,gaussian_noise,Noise,4,10000,0.3994,0.0,0,0,0.0,0.4613875326151268,0.45338360029038466,-0.008003932324742169,0.6617126405559055,0.6633838119817088,0.0016711714258033084,2.7666453713072827,2.6758529367404504,-0.09079243456683228,0.984926774311888,0.9736510216716439,-0.011275752640244163,0.38811927587924544,0.37660387101715886,-0.011515404862086576,0.737129193560801,0.81,0.34598159474650536,0.9869281045751634,1.0
COMPLETE,1,gaussian_noise,Noise,5,10000,0.3398,0.0,0,0,0.0,0.5382193715787864,0.5283676008514739,-0.00985177072731247,0.6386714372497392,0.6405825441449512,0.0019111068952120114,3.102788163064736,2.9953690813744163,-0.10741908169031955,1.0927144228095973,1.080003645323627,-0.01271077748597027,0.44118208002555626,0.43036924864967535,-0.010812831375880905,0.7479393120537221,0.8125,0.31333333333333335,0.9871794871794872,1.0
COMPLETE,1,shot_noise,Noise,1,10000,0.8464,0.0,0,0,0.0,0.0327497484414947,0.03158723065190888,-0.0011625177895858152,0.8902449436584358,0.892815727517525,0.002570783859089265,0.658838587505347,0.6501842304273105,-0.008654357078036412,0.24660247484056885,0.2453205245451578,-0.0012819502954110606,0.07353659355841133,0.06930231515031118,-0.004234278408100145,0.5996451880428718,0.6397306397306397,0.4511111111111111,0.95,0.9766666666666667
COMPLETE,1,shot_noise,Noise,2,10000,0.7728,0.0,0,0,0.0,0.06641292377495249,0.06440193580181577,-0.002010987973136716,0.860832055284606,0.8639302413211151,0.003098186036509021,0.9663905682859346,0.948460951307488,-0.01792961697844664,0.3612670570310821,0.3586168027134831,-0.0026502543175989657,0.11451764728123688,0.10870306001459862,-0.005814587266638263,0.645250683144266,0.6996699669966997,0.42568627450980395,0.97,0.9897610921501706
COMPLETE,1,shot_noise,Noise,3,10000,0.5897,0.0,0,0,0.0,0.21626082062633986,0.2115496043328604,-0.004711216293479453,0.7660588332711797,0.7683824576341833,0.0023236243630035958,1.8157618389369956,1.7651827237267128,-0.0505791152102828,0.6642905823940535,0.6570240919910851,-0.00726649040296834,0.24461147973309896,0.23370942043010864,-0.010902059302990319,0.7093392969040072,0.782051282051282,0.376318330362448,0.9807692307692307,0.9967948717948718
COMPLETE,1,shot_noise,Noise,4,10000,0.5218,0.0,0,0,0.0,0.29139678993264617,0.28376589424922716,-0.0076308956834190145,0.7345648584132493,0.7367954586951613,0.0022306002819120208,2.1197622888934085,2.057161467310921,-0.06260082158248759,0.7709657589867613,0.7624192990138987,-0.00854645997286263,0.28621468946939443,0.27626729901184593,-0.0099473904575485,0.729022809376082,0.8023574561403509,0.3466666666666667,0.9866666666666667,1.0
COMPLETE,1,shot_noise,Noise,5,10000,0.4097,0.0,0,0,0.0,0.4388452732889563,0.4296451402950086,-0.009200132993947674,0.6784299143202381,0.6805875691674919,0.0021576548472537205,2.6763326155952005,2.589419483228854,-0.08691313236634635,0.9608020869678859,0.9494876279139145,-0.011314459053971437,0.37233295621590257,0.3619126174952828,-0.01042033872061976,0.7448188175278269,0.8157894736842105,0.33470790378006876,0.9897610921501706,1.0
COMPLETE,1,impulse_noise,Noise,1,10000,0.8246,0.0,0,0,0.0,0.054530130714321216,0.051866761488586224,-0.002663369225734992,0.8446390924897487,0.8493082994387798,0.004669206949031168,0.7754354350240737,0.7640537835197793,-0.011381651504294488,0.28634601675524324,0.28521752292999686,-0.0011284938252463794,0.09034725390259671,0.08661776743885735,-0.0037294864637393565,0.6394819191574261,0.6875,0.41083106708106704,0.9562289562289562,0.9831649831649831
COMPLETE,1,impulse_noise,Noise,2,10000,0.7182,0.0,0,0,0.0,0.1266300330653385,0.12270309902613824,-0.003926934039200247,0.7834149485376558,0.7877608420546676,0.004345893517011756,1.2648008650780702,1.2385395284415532,-0.026261336636516974,0.4647412740511033,0.46184600715332774,-0.0028952668977755835,0.1658401892263417,0.1600415910722907,-0.005798598154050982,0.7088317235387971,0.7679180887372014,0.3534929570857229,0.9764309764309764,0.993421052631579
COMPLETE,1,impulse_noise,Noise,3,10000,0.6291,0.0,0,0,0.0,0.2013404393382272,0.19630133029559582,-0.0050391090426313845,0.7577858083541394,0.7612569819150032,0.003471173560863794,1.6254445260331774,1.5861693140704822,-0.03927521196269512,0.594743822063946,0.5901965900238847,-0.004547232040061355,0.20685261361152613,0.2000834276037199,-0.006769186007806238,0.7537861908329782,0.8148148148148148,0.3108974358974359,0.9865319865319865,1.0
COMPLETE,1,impulse_noise,Noise,4,10000,0.5083,0.0,0,0,0.0,0.29939320749314086,0.29667322443989497,-0.002719983053245889,0.7472039795285988,0.7489615038319959,0.00175752430339704,1.9844129074323071,1.9353098969689686,-0.04910301046333854,0.7392210074942077,0.7317736256811982,-0.007447381813009524,0.23438288613704616,0.225663914109258,-0.008718972027788152,0.80524204071745,0.8585858585858586,0.24773488562091495,0.9965870307167235,1.0
COMPLETE,1,impulse_noise,Noise,5,10000,0.3943,0.0,0,0,0.0,0.410841401460335,0.40943402739069185,-0.0014073740696431414,0.7278416125512508,0.7294169754564707,0.001575362905219868,2.234310967779281,2.1822084137650224,-0.05210255401425856,0.8472323833424725,0.8376596262955418,-0.009572757046930724,0.22877102954557874,0.2202696227025172,-0.008501406843061526,0.8205211996853191,0.8668941979522184,0.23936026936026933,1.0,1.0
COMPLETE,1,defocus_blur,Blur,1,10000,0.9261,0.0,0,0,0.0,0.009074858032858136,0.00896596381147993,-0.0001088942213782057,0.9286129985641184,0.9298774861449185,0.001264487580800111,0.32340227315842374,0.32246471895924345,-0.0009375541991802905,0.12126005895793007,0.12107327919344607,-0.0001867797644840019,0.03013529726570756,0.026842084877815937,-0.003293212387891622,0.494755490673748,0.4915250341871502,0.5040121659224746,0.8922558922558923,0.9509803921568627
COMPLETE,1,defocus_blur,Blur,2,10000,0.9141,0.0,0,0,0.0,0.012140500291772528,0.012092884143911683,-4.761614786084542e-05,0.919135076786279,0.919250459652993,0.00011538286671397557,0.37703476378213446,0.37543753141928676,-0.0015972323628477003,0.1413671385261023,0.14104063253191015,-0.00032650599419215,0.03769702981158476,0.034581611439009285,-0.003115418372575472,0.5064466583209869,0.5098361713106294,0.4973384542820565,0.9003436426116839,0.9537953795379538
COMPLETE,1,defocus_blur,Blur,3,10000,0.8738,0.0,0,0,0.0,0.023740844956423007,0.022997696761316053,-0.0007431481951069539,0.8986505922181165,0.8999115472466838,0.0012609550285672677,0.5382829816846237,0.5352628230017025,-0.00302015868292127,0.20348855987930378,0.20309370203307903,-0.0003948578462247554,0.056748696091128245,0.052942767066590846,-0.0038059290245373995,0.53666912190323,0.5521885521885522,0.5088981858263067,0.9198717948717948,0.9658703071672355
COMPLETE,1,defocus_blur,Blur,4,10000,0.777,0.0,0,0,0.0,0.06365407109200634,0.06302982647703999,-0.0006242446149663516,0.8617894512064916,0.8608835869822418,-0.0009058642242498749,0.9187764759739393,0.9093676170775787,-0.009408858896360561,0.3509145314807793,0.349391952380595,-0.0015225791001842737,0.10588492773761571,0.10215488534070227,-0.0037300423969134355,0.5637991296129206,0.5907590759075908,0.4900816993464052,0.9385665529010239,0.9756944444444444
COMPLETE,1,defocus_blur,Blur,5,10000,0.5866,0.0,0,0,0.0,0.19906166930566024,0.20002575589653926,0.0009640865908790153,0.7898028556154373,0.7876213338004665,-0.002181521814970777,1.5953216629769569,1.5806974535476594,-0.01462420942929743,0.6151012480173856,0.6124853337778269,-0.0026159142395587587,0.17922030353482388,0.17486231702798238,-0.004357986506841494,0.5360679853532149,0.5463917525773195,0.5255710531635335,0.9415807560137457,0.9795221843003413
COMPLETE,1,glass_blur,Blur,1,10000,0.4712,0.0,0,0,0.0,0.31538915713830923,0.3113600132737585,-0.004029143864550722,0.7523737555512177,0.7542925215563189,0.0019187660051012134,2.1854008493465034,2.1265395684571695,-0.058861280889333845,0.8109414680505675,0.8013729012336084,-0.009568566816959168,0.27701996143487606,0.266335294794076,-0.010684666640800033,0.7124173545099641,0.78839590443686,0.3892850069320658,0.9869281045751634,1.0
COMPLETE,1,glass_blur,Blur,2,10000,0.4898,0.0,0,0,0.0,0.3021163814124684,0.298048063507578,-0.004068317904890373,0.7475602646797491,0.7495085154637954,0.001948250784046257,2.1183500183982913,2.0632945236152196,-0.0550554947830717,0.7884241572345724,0.7795493491038574,-0.00887480813071495,0.271839319084864,0.25949855188265336,-0.012340767202210612,0.7106087336183154,0.7828947368421053,0.3906930693069307,0.9867986798679867,1.0
COMPLETE,1,glass_blur,Blur,3,10000,0.5206,0.0,0,0,0.0,0.25926829487510206,0.256529862919359,-0.0027384319557430814,0.7741245499761114,0.7762615774520302,0.002137027475918818,1.9845697526565003,1.9329450565717554,-0.05162469608474485,0.740035467102528,0.7312945152436954,-0.008740951858832613,0.25104024708215644,0.24173533268992078,-0.009304914392235658,0.7020019770099974,0.7628865979381443,0.3909848073792729,0.9865319865319865,1.0
COMPLETE,1,glass_blur,Blur,4,10000,0.3829,0.0,0,0,0.0,0.43039498262853565,0.4246290738771324,-0.005765908751403259,0.7187214529548505,0.721608401016744,0.0028869480618934906,2.590626645324837,2.5115283825186956,-0.0790982628061414,0.9481853940664292,0.935643654167392,-0.012541739899037174,0.33882209244416595,0.3243387253254402,-0.01448336711872572,0.7248773415647586,0.8013468013468014,0.3666951080773606,0.9900990099009901,1.0
COMPLETE,1,glass_blur,Blur,5,10000,0.4182,0.0,0,0,0.0,0.38257960768514554,0.37902918072956326,-0.0035504269555822754,0.730815117384183,0.7329622246235605,0.0021471072393774993,2.439602326998538,2.369562874041792,-0.07003945295674585,0.8987159059853089,0.8873602550063315,-0.011355650978977394,0.31939814221162144,0.3061819686199718,-0.013216173591649616,0.7098367164183341,0.7766666666666666,0.3798717948717948,0.9865319865319865,1.0
COMPLETE,1,motion_blur,Blur,1,10000,0.8855,0.0,0,0,0.0,0.019283191958323658,0.019198673987273953,-8.451797104970515e-05,0.9051133867082226,0.9043317495111686,-0.0007816371970540414,0.5014659735894701,0.49860531094101845,-0.0028606626484516395,0.1892042349433116,0.18883020268819545,-0.0003740322551161468,0.05640710843340192,0.05301586228214123,-0.003391246151260692,0.5417166081936362,0.5555555555555556,0.4883333333333333,0.9166666666666666,0.9605263157894737
COMPLETE,1,motion_blur,Blur,2,10000,0.8208,0.0,0,0,0.0,0.04305650288086554,0.04244891152731984,-0.0006075913535456973,0.8747249933644876,0.8750663551239211,0.00034136175943344504,0.7615856782101476,0.7540779996497231,-0.007507678560424447,0.28954274345404324,0.28849357531848485,-0.001049168135558387,0.08950939288970139,0.08653564564145777,-0.002973747248243619,0.5660973015456335,0.5918042655658755,0.47573024054982815,0.9381865521973191,0.9736842105263158
COMPLETE,1,motion_blur,Blur,3,10000,0.74,0.0,0,0,0.0,0.08240411026058583,0.08284010284831009,0.0004359925877242543,0.849529365904366,0.8477442827442827,-0.0017850831600833006,1.0744990566897932,1.0614876228381445,-0.013011433851648713,0.40916960642349287,0.40679145982355475,-0.0023781465999381246,0.1299166170001469,0.12398970329991116,-0.005926913700235736,0.5767184852989982,0.6060606060606061,0.48874118285404233,0.9455743330743333,0.9802631578947368
COMPLETE,1,motion_blur,Blur,4,10000,0.7363,0.0,0,0,0.0,0.08474757674806235,0.08430816539106077,-0.00043941135700158174,0.8511096206055646,0.8501300793135393,-0.0009795412920252655,1.0798055590544315,1.066555759472687,-0.013249799581744437,0.410079671182315,0.4078314762714423,-0.0022481949108726917,0.12468393304757311,0.12051391515920598,-0.004170017888367128,0.5753316707149062,0.6066666666666667,0.48457947169287374,0.9453924914675768,0.9795221843003413
COMPLETE,1,motion_blur,Blur,5,10000,0.6625,0.0,0,0,0.0,0.13317753527558376,0.1332265425805738,4.900730499002304e-05,0.8233824067085954,0.8219435024458421,-0.0014389042627532822,1.3646219252291905,1.3467163619332416,-0.017905563295948834,0.5198869378221332,0.5166764118602954,-0.0032105259618377957,0.16150192728755478,0.15511720759400005,-0.006384719693554725,0.5758376978363257,0.5993265993265994,0.4800818607950658,0.9487179487179487,0.9804110105580691
COMPLETE,1,zoom_blur,Blur,1,10000,0.8551,0.0,0,0,0.0,0.02901223155093789,0.02849718129846099,-0.0005150502524769,0.8963767026388738,0.8965888830537259,0.00021218041485204786,0.6004557783237684,0.5976241021339908,-0.0028316761897776432,0.2290858804399541,0.22887319348676202,-0.00021268695319207054,0.06218790263779288,0.06003742427405232,-0.002150478363740556,0.562708482741658,0.5910652920962199,0.477124183006536,0.9281045751633987,0.9673202614379085
COMPLETE,1,zoom_blur,Blur,2,10000,0.8313,0.0,0,0,0.0,0.03830861010127297,0.03772126584794128,-0.0005873442533316925,0.8841503559140733,0.8844682388394607,0.0003178829253873694,0.7014580031283221,0.6965787001500401,-0.004879302978281985,0.26779262787921154,0.2670558058052336,-0.0007368220739779607,0.07731719289907796,0.0734690176233761,-0.0038481752757018595,0.5770833128058201,0.6105610561056105,0.47336106159635566,0.9393939393939394,0.9738562091503268
COMPLETE,1,zoom_blur,Blur,3,10000,0.7764,0.0,0,0,0.0,0.06178470263321735,0.061814311932017356,2.9609298800005457e-05,0.8670799774013173,0.8662706021737868,-0.00080937522753044,0.9058849744010468,0.8984660579461752,-0.0074189164548715825,0.3472683016842821,0.3461554147880498,-0.0011128868962322902,0.1013212217784529,0.09729046461679901,-0.0040307571616538945,0.5890784951822712,0.6266666666666667,0.45788642438126975,0.9479166666666666,0.9802631578947368
COMPLETE,1,zoom_blur,Blur,4,10000,0.7278,0.0,0,0,0.0,0.09031893455214807,0.08992080811380672,-0.000398126438341348,0.8461892038632021,0.8452723263510517,-0.0009168775121504158,1.102762455954974,1.0910570659408567,-0.0117053900141173,0.42130253586485306,0.4193394202161616,-0.001963115648691449,0.1240404650059793,0.11953859120725742,-0.004501873798721884,0.5851963717615967,0.6180555555555556,0.46293429652562784,0.9479166666666666,0.9828178694158075
COMPLETE,1,zoom_blur,Blur,5,10000,0.6376,0.0,0,0,0.0,0.15298702072995007,0.15245466149135414,-0.0005323592385959308,0.816025006508956,0.8152965141078161,-0.0007284924011399241,1.4291805946687834,1.4120804124004709,-0.017100182268312558,0.546071525009462,0.5431279990769016,-0.00294352593256042,0.16051068957328007,0.1556827098897716,-0.004827979683508482,0.5777761544543859,0.6082474226804123,0.482301147136898,0.9461279461279462,0.9834983498349835
COMPLETE,1,snow,Weather,1,10000,0.862,0.0,0,0,0.0,0.03509902187016449,0.03270751668289448,-0.002391505187270007,0.8674634318571572,0.8728827465617539,0.005419314704596667,0.6226970762023089,0.6140634031937957,-0.008633673008513143,0.23062877733474219,0.22945921793280732,-0.001169559401934861,0.07539869129685874,0.07046498911084818,-0.004933702186010552,0.5917234507520747,0.6233333333333333,0.4505702313878522,0.9433333333333334,0.9761092150170648
COMPLETE,1,snow,Weather,2,10000,0.7515,0.0,0,0,0.0,0.08486887660028113,0.0816742947451623,-0.003194581855118825,0.8412583284135953,0.844178899076428,0.002920570662832689,1.0561890262650562,1.037148055445701,-0.019040970819355074,0.39377176497339145,0.3909875180105353,-0.002784246962856174,0.12501554382374286,0.11845141484210281,-0.006564128981640049,0.655114450679581,0.7099488054607508,0.413386324579055,0.9693246457751579,0.9869281045751634
COMPLETE,1,snow,Weather,3,10000,0.7871,0.0,0,0,0.0,0.06349629232168386,0.06201860587130113,-0.001477686450382723,0.8580363409293791,0.859736370152361,0.001700029222981958,0.9026784441000093,0.8890341369772298,-0.013644307122779531,0.33798870255058366,0.33592544904681665,-0.0020632535037670152,0.10606511038699182,0.09888975296267183,-0.007175357424319989,0.6481667013325043,0.6987179487179487,0.4166666666666667,0.9604090672225117,0.9863481228668942
COMPLETE,1,snow,Weather,4,10000,0.771,0.0,0,0,0.0,0.07285423692152443,0.07010650711185876,-0.002747729809665672,0.8494817030001302,0.8513634535764248,0.001881750576294694,0.967970601396597,0.9526798554830107,-0.015290745913586257,0.3621437878564625,0.3602472690703722,-0.0018965187860903177,0.11119578219066623,0.10558869101383786,-0.005607091176828366,0.6628375260343513,0.7203947368421053,0.4049368854411214,0.9640522875816994,0.9869281045751634
COMPLETE,1,snow,Weather,5,10000,0.7197,0.0,0,0,0.0,0.10076414055135018,0.09842593158306179,-0.0023382089682883883,0.834079001185286,0.83565673868849,0.001577737503204002,1.1815894870371286,1.1596244034165752,-0.021965083620553383,0.44219332206829187,0.4389301128808293,-0.00326320918746259,0.14201489311839666,0.13641219242317462,-0.005602700695222035,0.660985561477994,0.717948717948718,0.4095113798367963,0.97,0.9897610921501706
COMPLETE,1,frost,Weather,1,10000,0.8807,0.0,0,0,0.0,0.0215768512487868,0.020485351532249473,-0.0010914997165373287,0.9017209030650863,0.9053231584150039,0.003602255349917538,0.5165525389213044,0.5116708974827717,-0.004881641438532647,0.19329828625836057,0.19272065464660232,-0.0005776316117582503,0.05548955872808185,0.05210048032951634,-0.0033890783985655107,0.56998767500391,0.5966666666666667,0.48492324722668345,0.9385665529010239,0.9735973597359736
COMPLETE,1,frost,Weather,2,10000,0.8145,0.0,0,0,0.0,0.045494354357843575,0.04348505103396812,-0.002009303323875458,0.8789093899486894,0.881960225627483,0.0030508356787936064,0.7950322871000177,0.7824027076318076,-0.012629579468210084,0.29593590123309094,0.29414143229348994,-0.0017944689396010016,0.09062422047124745,0.08552540082011349,-0.005098819651133957,0.6141506252232244,0.6616501257409736,0.4471217292377702,0.9539473684210527,0.9829351535836177
COMPLETE,1,frost,Weather,3,10000,0.7141,0.0,0,0,0.0,0.10411494022523689,0.10149160791307166,-0.0026233323121652302,0.8323357637168944,0.834840353350213,0.0025045896333185658,1.2099987536418297,1.186007177509054,-0.023991576132775805,0.4497332265439755,0.4461638129271477,-0.0035694136168278323,0.14295263855913098,0.1357756904146295,-0.007176948144501483,0.6537194852517328,0.7161716171617162,0.42280336997763224,0.9711538461538461,0.9901315789473685
COMPLETE,1,frost,Weather,4,10000,0.6895,0.0,0,0,0.0,0.11880451733396286,0.11524629215081202,-0.00355822518315084,0.8306783953925866,0.8337544884797146,0.0030760930871279735,1.308013764519609,1.2803374097945635,-0.027676354725045593,0.4869451857606468,0.4826888041779961,-0.004256381582650737,0.1598967887389861,0.15379161958904272,-0.006105169149943385,0.6549872390687705,0.7095709570957096,0.4266666666666667,0.9711538461538461,0.9901315789473685
COMPLETE,1,frost,Weather,5,10000,0.59,0.0,0,0,0.0,0.20087919724317996,0.1967347404063427,-0.004144456836837257,0.7912293923108723,0.7926312525837123,0.0014018602728399499,1.7181946179887906,1.679262174172852,-0.03893244381593863,0.6366246878525815,0.6305924827513664,-0.00603220510121516,0.212749354071957,0.2057564965574043,-0.006992857514552697,0.6717762714677554,0.7254901960784313,0.4120915032679739,0.9764309764309764,0.996529567583047
COMPLETE,1,fog,Weather,1,10000,0.9259,0.0,0,0,0.0,0.009287775117092237,0.009059398830951849,-0.00022837628614038805,0.9276113010516521,0.9291166387476665,0.0015053376960143527,0.32368307003714764,0.3229930150314093,-0.0006900550057383215,0.1209577626064723,0.12084230098972833,-0.0001154616167439726,0.0294686225806059,0.02687470900316724,-0.002593913577438659,0.49955720948940135,0.4935897435897436,0.5096153846153846,0.8977234236581554,0.9519230769230769
COMPLETE,1,fog,Weather,2,10000,0.9159,0.0,0,1,0.0001,0.011843514832335839,0.011175837345744077,-0.0006676774865917619,0.9190944132844518,0.921460980207119,0.0023665669226671238,0.3731040565678354,0.37194981436628566,-0.0011542422015497489,0.1393203789610038,0.1391974241330824,-0.00012295482792140655,0.03760148668470513,0.03481828789835334,-0.00278319878635179,0.5148896904283267,0.5228758169934641,0.4981146304675716,0.9023569023569024,0.954248366013072
COMPLETE,1,fog,Weather,3,10000,0.8978,0.0,0,0,0.0,0.016372599552269676,0.015799666115829235,-0.0005729334364404405,0.9097626771072057,0.9115419775846938,0.0017793004774880883,0.4531477887992034,0.4503652577142865,-0.0027825310849169393,0.16989531841243344,0.16959889722038152,-0.0002964211920519211,0.04994715357539721,0.0473413956565633,-0.002605757918833912,0.5304289210942694,0.5416666666666666,0.4882154882154882,0.9141277807921868,0.9605263157894737
COMPLETE,1,fog,Weather,4,10000,0.8624,0.0,0,0,0.0,0.025591325645894475,0.025316620788689653,-0.00027470485720482163,0.9021795921063985,0.9027710829971524,0.0005914908907538319,0.5815871814879904,0.5769835997360032,-0.0046035817519871625,0.21934401949319554,0.21859311065034162,-0.0007509088428539201,0.06217801970053011,0.05720104554207074,-0.004976974158459366,0.5646807067353122,0.5903607318923019,0.4835972850678733,0.9351535836177475,0.9726962457337884
COMPLETE,1,fog,Weather,5,10000,0.6995,0.0,0,0,0.0,0.10109036716440033,0.10184287885294216,0.000752511688541832,0.8522887396393193,0.8505428764782069,-0.0017458631611123598,1.1971066046392196,1.1820991180968372,-0.015007486542382376,0.4554581016806991,0.4526770566473429,-0.0027810450333561887,0.134637496451877,0.12872577906011187,-0.005911717391765131,0.602099301839627,0.6397306397306397,0.45495786033711727,0.9537953795379538,0.9834983498349835
COMPLETE,1,brightness,Weather,1,10000,0.9251,0.0,0,0,0.0,0.009506202254978051,0.00899629505735859,-0.0005099071976194611,0.9279852688678407,0.93064178534302,0.0026565164751792825,0.32421872684965614,0.32310303622672354,-0.001115690622932597,0.12106992706526815,0.12088229391391478,-0.0001876331513533669,0.029583152126445668,0.026499489320119148,-0.0030836628063265203,0.4979751619049567,0.49344255245958035,0.5043067228379903,0.8969072164948454,0.9537953795379538
COMPLETE,1,brightness,Weather,2,10000,0.922,0.0,0,0,0.0,0.010299983713482109,0.009771005327658693,-0.000528978385823416,0.9243465988097224,0.9268283831136325,0.002481784303910106,0.3417789614088327,0.3402821052620728,-0.0014968561467598729,0.127478925120433,0.1272891287320117,-0.0001897963884212872,0.03394605041617405,0.030506430767100228,-0.003439619649073824,0.5062389005249753,0.5119453924914675,0.5095915841584158,0.9013157894736842,0.9539473684210527
COMPLETE,1,brightness,Weather,3,10000,0.9177,0.0,0,0,0.0,0.011621747204964195,0.01099613278046346,-0.0006256144245007349,0.9187823751358957,0.9211048647557931,0.00232248961989745,0.36598445076774444,0.3639075232659826,-0.0020769275017618605,0.13628409928648644,0.13600079362590986,-0.00028330566057657713,0.03671163879269372,0.0333882402344385,-0.003323398558255218,0.5162000033283209,0.52,0.5077552829220506,0.9057765151515154,0.9553264604810997
COMPLETE,1,brightness,Weather,4,10000,0.9118,0.0,0,0,0.0,0.013515915253546115,0.012754842720402284,-0.000761072533143831,0.911374998196983,0.9141551261142024,0.002780127917219377,0.3992591946443372,0.3965535185464204,-0.002705676097916776,0.14938512565976267,0.14906569244421258,-0.00031943321555008564,0.045561952790045254,0.042231504207361416,-0.0033304485826838384,0.5280583652037443,0.533993399339934,0.5030637254901961,0.9166666666666666,0.9603960396039604
COMPLETE,1,brightness,Weather,5,10000,0.8891,0.0,0,0,0.0,0.02058850923906171,0.01964485800147865,-0.0009436512375830576,0.8946385941183875,0.8973741594802254,0.002735565361837833,0.5008247412883833,0.49625986584835935,-0.00456487544002393,0.1871890345083475,0.1866812000742643,-0.0005078344340831986,0.05900058224509599,0.05478550729693052,-0.004215074948165469,0.5599447029740978,0.5876288659793815,0.49545500625147837,0.9306930693069307,0.970019736842105
COMPLETE,1,contrast,Digital,1,10000,0.9214,0.0,0,0,0.0,0.010223194721317344,0.01006895561748207,-0.00015423910383527417,0.9255353756950232,0.9257793621941608,0.00024398649913759396,0.348299148308347,0.3466708673700709,-0.0016282809382761054,0.1295326388200251,0.12924574422956933,-0.00028689459045577737,0.034182011214111886,0.030944900026703533,-0.0032371111874083536,0.49685070178849117,0.49504950495049505,0.5091472382532372,0.8944929787096361,0.9513888888888888
COMPLETE,1,contrast,Digital,2,10000,0.8861,0.0,0,0,0.0,0.02055293326687131,0.01955340809434414,-0.0009995251725271673,0.9013509693511504,0.9033433045874144,0.0019923352362639646,0.504967310907597,0.5007061580745469,-0.004261152833050064,0.18815449286288444,0.18760410364772986,-0.0005503892151545731,0.05561217823706191,0.052612361355646745,-0.0029998168814151654,0.5218508079041634,0.5294117647058824,0.5104550625711035,0.9174917491749175,0.9605263157894737
COMPLETE,1,contrast,Digital,3,10000,0.8445,0.0,0,0,0.0,0.03521051554712814,0.03394836584361244,-0.0012621497035157012,0.883355169348099,0.8846987600874964,0.0013435907393973823,0.6731325666926646,0.6665974663240389,-0.006535100368625701,0.25193076452826574,0.25110624139905974,-0.0008245231292060007,0.07773891404298555,0.07409494426357023,-0.003643969779415321,0.5419496420970624,0.5555555555555556,0.5017806267806268,0.9313725490196079,0.9705882352941176
COMPLETE,1,contrast,Digital,4,10000,0.7462,0.0,0,0,0.0,0.07940346714582633,0.08037952980563384,0.0009760626598075139,0.855726117661769,0.8535046177755051,-0.0022214998862638557,1.0455091793372553,1.0329352013702175,-0.012573977967037742,0.39382922217383204,0.3917198075148223,-0.002109414659009712,0.1203131082857744,0.11551687199577138,-0.004796236290003031,0.5657398488663605,0.5942805620768262,0.48951174112256585,0.9381443298969072,0.9761092150170648
COMPLETE,1,contrast,Digital,5,10000,0.3557,0.0,0,1,0.0001,0.44741091942812544,0.45239710969663777,0.004986190268512325,0.7377962174386135,0.7336200223137078,-0.004176195124905635,2.3649842792205957,2.3387390579120173,-0.026245221308578426,0.9036649782919881,0.8982588616819361,-0.00540611661005197,0.2609543160918331,0.2541708807752743,-0.006783435316558839,0.4760538438615844,0.46474358974358976,0.537996794871795,0.9175257731958762,0.9735973597359736
COMPLETE,1,elastic_transform,Digital,1,10000,0.8748,0.0,0,0,0.0,0.022885947196697703,0.022737468253799024,-0.00014847894289867977,0.9023414388829724,0.9018774350613777,-0.0004640038215946163,0.5304322967770297,0.5280444973826045,-0.0023877993944252385,0.20104839528468538,0.2007939578840903,-0.00025443740059508113,0.05482596212437656,0.05327130491972111,-0.0015546572046554463,0.5683782744189381,0.5910652920962199,0.47106481481481477,0.9333333333333333,0.9705882352941176
COMPLETE,1,elastic_transform,Digital,2,10000,0.8775,0.0,0,0,0.0,0.0230938973101029,0.022169995002559558,-0.0009239023075433422,0.8979832780975636,0.8994741554741554,0.0014908773765918149,0.5289705184420412,0.5256703370394581,-0.0033001814025831466,0.19933736771012472,0.19889797703132658,-0.00043939067879814053,0.055759345818741035,0.05320287658407017,-0.002556469234670865,0.556884310414595,0.5791245791245792,0.4934640522875817,0.9314093555510943,0.9703947368421053
COMPLETE,1,elastic_transform,Digital,3,10000,0.8365,0.0,0,0,0.0,0.035101393413662973,0.03491051517451048,-0.0001908782391524949,0.8892790149724624,0.8886420958157168,-0.0006369191567455745,0.6776949430810505,0.6727096612546398,-0.00498528182641067,0.25924271064387294,0.25831545942686135,-0.0009272512170115932,0.07471981890939017,0.06954240239187096,-0.005177416517519212,0.5722191032391911,0.5976489401517471,0.4778947368421052,0.9411764705882353,0.9736842105263158
COMPLETE,1,elastic_transform,Digital,4,10000,0.7617,0.0,0,0,0.0,0.0713705899245733,0.07236458797400377,0.0009939980494304695,0.8534216068470206,0.8510943920249066,-0.0023272148221140654,0.9704927649013544,0.960280944663279,-0.01021182023807543,0.3719789781255305,0.37017816265665116,-0.0018008154688793354,0.10971291659676788,0.10525214406222727,-0.004460772534540608,0.6365652985141391,0.6941580756013745,0.43392255892255893,0.9607843137254902,0.9861111111111112
COMPLETE,1,elastic_transform,Digital,5,10000,0.7025,0.0,0,0,0.0,0.10993460066070518,0.11004756447070797,0.00011296381000279465,0.8290198151858608,0.8287086097072281,-0.0003112054786326146,1.1892122969998071,1.1734819559987768,-0.015730341001030324,0.4560120743621136,0.4533960691960806,-0.0026160051660329975,0.13412102076015014,0.12771048415428143,-0.006410536605868711,0.6828233795425144,0.75,0.3969102792632204,0.9756944444444444,0.9930555555555556
COMPLETE,1,pixelate,Digital,1,10000,0.8999,0.0,0,0,0.0,0.015711584177750995,0.015077940478009502,-0.0006336436997414936,0.9141214380685433,0.9168181523998838,0.002696714331340555,0.4353076293842345,0.431876123691828,-0.0034315056924065224,0.16256521311180744,0.16204629884705532,-0.0005189142647521183,0.044220232474202106,0.040107450116746234,-0.004112782357455873,0.5403400368649515,0.5544871794871795,0.49428104575163395,0.9183006535947712,0.9640868526897933
COMPLETE,1,pixelate,Digital,2,10000,0.8459,0.0,0,0,0.0,0.03554261597342105,0.033865160587293594,-0.0016774553861274577,0.8835193062785807,0.8870796334174866,0.003560327138905972,0.6717443608051792,0.6623426090223081,-0.00940175178287106,0.2503511402997187,0.24895864392657396,-0.0013924963731447582,0.07733097054647467,0.07238771974874611,-0.00494325079772856,0.5842281280140234,0.6180555555555556,0.4760061919504644,0.9453924914675768,0.9771241830065359
COMPLETE,1,pixelate,Digital,3,10000,0.7925,0.0,0,0,0.0,0.05920319018338682,0.05569470951304634,-0.003508480670340486,0.861109345900954,0.8657214397020258,0.004612093801071748,0.9047965405072007,0.8892771525526499,-0.015519387954550767,0.33644855005670465,0.3344954367481839,-0.0019531133085207708,0.11139789705245867,0.10675854825376271,-0.004639348798695958,0.6036829203483934,0.6435643564356436,0.43480177158582733,0.9537953795379538,0.9836601307189542
COMPLETE,1,pixelate,Digital,4,10000,0.611,0.0,0,0,0.0,0.18087059913489034,0.17431064788924158,-0.00655995124564876,0.8017572019404321,0.8053121226528216,0.0035549207123894977,1.7201212527974197,1.6735695274655271,-0.04655172533189256,0.626431289370323,0.6195773660848024,-0.006853923285520591,0.23226387328325243,0.223309606975635,-0.00895426630761742,0.6523320254466252,0.7014770023790642,0.4076797385620915,0.9735973597359736,0.9934640522875817
COMPLETE,1,pixelate,Digital,5,10000,0.4259,0.0,0,0,0.0,0.36799529679007653,0.3560327920454491,-0.011962504744627456,0.7534736424426419,0.7580570693477819,0.00458342690514002,2.5822333794824206,2.5019055975924713,-0.08032778188994927,0.9222511828253912,0.9109254054414241,-0.011325777383967117,0.3574724054827927,0.34616060885175604,-0.011311796631036652,0.6432319995983927,0.6895424836601307,0.411764705882353,0.9735973597359736,0.9935897435897436
COMPLETE,1,jpeg_compression,Digital,1,10000,0.8519,0.0,0,0,0.0,0.03401505416393371,0.032678306617898355,-0.001336747546035355,0.8796177809319898,0.8821140083345492,0.0024962274025593922,0.6531150449911342,0.6445407634417484,-0.008574281549385776,0.243705611207119,0.24240945287508425,-0.0012961583320347525,0.07823902962786004,0.0735532895333608,-0.0046857400944992494,0.5929822166745402,0.6274509803921569,0.4575163398692811,0.9506578947368421,0.9771241830065359
COMPLETE,1,jpeg_compression,Digital,2,10000,0.794,0.0,0,0,0.0,0.061659375575683066,0.059126374279531956,-0.0025330012961511106,0.8515271086547161,0.8544469443153749,0.002919835660658787,0.8905124799165376,0.876846718390155,-0.013665761526382547,0.33315097566236185,0.33133827989743786,-0.0018126957649239883,0.10709055992012838,0.10228140401618119,-0.00480915590394719,0.6254538611056654,0.6699346405228758,0.43246902009788607,0.9551282051282052,0.9836601307189542
COMPLETE,1,jpeg_compression,Digital,3,10000,0.7711,0.0,0,0,0.0,0.07233764435387581,0.06971579489832945,-0.00262184945554636,0.847008967858606,0.8495623263255349,0.0025533584669288345,0.9733582627345865,0.9578969387470583,-0.015461323987528197,0.3645901904552547,0.3624075714924189,-0.0021826189628357806,0.11350903618519559,0.10860069207411324,-0.004908344111082347,0.6405851056664847,0.6895424836601307,0.4270044651523976,0.9605263157894737,0.9865319865319865
COMPLETE,1,jpeg_compression,Digital,4,10000,0.7468,0.0,0,0,0.0,0.08764889539347646,0.08555322384854352,-0.0020956715449329394,0.833676027723553,0.8355083321275568,0.0018323044040038372,1.0858915190881853,1.067311812281379,-0.018579706806806318,0.4067929168533693,0.40409072810254476,-0.0027021887508245634,0.13293530192540912,0.1271938474926645,-0.005741454432744625,0.657178642753918,0.7058823529411765,0.4153121796821321,0.9703947368421053,0.9896907216494846
COMPLETE,1,jpeg_compression,Digital,5,10000,0.7018,0.0,0,0,0.0,0.1141383205832979,0.11266726455142018,-0.001471056031877721,0.8248632576307087,0.825705873886809,0.0008426162561003814,1.2510740384198367,1.2275417232329902,-0.02353231518684651,0.46710459314794806,0.46360551735991656,-0.0034990757880314916,0.1481633989674329,0.14026698761198786,-0.007896411355445054,0.6711952127562731,0.7250859106529209,0.40082956259426855,0.9706447963800907,0.9901315789473685
COMPLETE,2,gaussian_noise,Noise,1,10000,0.7789,0.0,0,0,0.0,0.06183118582383506,0.05972712256380977,-0.0021040632600252893,0.871103231029112,0.8723398263296664,0.0012365953005544217,0.9297703936798615,0.9154284195326836,-0.01434197414717786,0.346734867103237,0.34467002874666314,-0.0020648383565738393,0.10855964493397993,0.10404275390895912,-0.004516891025020814,0.6217112555527095,0.6672095548317046,0.4473570771148626,0.9515570934256056,0.9831081081081081
COMPLETE,2,gaussian_noise,Noise,2,10000,0.6214,0.0,0,0,0.0,0.165487197098145,0.16389597306204523,-0.0015912240360997643,0.8147706701854665,0.8147921356118479,2.1465426381483965e-05,1.570970903277669,1.5389396757034979,-0.032031227574171206,0.5817706023410347,0.5769103944818899,-0.004860207859144872,0.18748261625959278,0.1802218510264043,-0.007260765233188471,0.664711941300173,0.717687074829932,0.41957918830883,0.9727891156462585,0.993485342019544
COMPLETE,2,gaussian_noise,Noise,3,10000,0.4607,0.0,0,0,0.0,0.33099958901226606,0.32973231096307715,-0.0012672780491889135,0.7528709264688878,0.7524712170802733,-0.00039970938861444427,2.240674129667968,2.1884224180400804,-0.052251711627887776,0.8209482641205088,0.8133307937808919,-0.007617470339616905,0.2727588071248706,0.26457568894490535,-0.008183118179965254,0.6737083038882618,0.7185430463576159,0.41200897383350954,0.9777777777777777,0.9966887417218543
COMPLETE,2,gaussian_noise,Noise,4,10000,0.3965,0.0,0,0,0.0,0.4057386799891894,0.4055449434547449,-0.00019373653444448857,0.7380938221868858,0.7366436852701402,-0.0014501369167455591,2.4734410761721777,2.4149688951707904,-0.05847218100138729,0.9016725873243757,0.8929781712003787,-0.008694416123997017,0.29897986653387915,0.2888884057175677,-0.01009146081631146,0.6693952859707928,0.7166123778501629,0.4139072847682119,0.9773462783171522,0.9966887417218543
COMPLETE,2,gaussian_noise,Noise,5,10000,0.338,0.0,0,0,0.0,0.4758542760209812,0.4741541072202762,-0.0017001688007050042,0.7296944886394108,0.7287314753570854,-0.0009630132823253978,2.6695532453131907,2.605887757839358,-0.06366548747383272,0.9734795934983027,0.9635293573035686,-0.009950236194734119,0.3195889092189221,0.3069235631068238,-0.012665346112098297,0.6629593255797048,0.7119205298013245,0.4337748344370861,0.9798314268512945,0.9966887417218543
COMPLETE,2,shot_noise,Noise,1,10000,0.8452,0.0,0,0,0.0,0.03297118324850778,0.03143232507813657,-0.0015388581703712073,0.8939056670225294,0.8961004596866208,0.002194792664091394,0.6628290586930823,0.6550849642842631,-0.00774409440881918,0.24539870247076812,0.24460138699790146,-0.0007973154728666554,0.07183714429251983,0.06866166050574776,-0.003175483786772071,0.5854377246644064,0.6218476001084696,0.45657711134244394,0.9365079365079365,0.9732441471571907
COMPLETE,2,shot_noise,Noise,2,10000,0.7677,0.0,0,0,0.0,0.06317766354771844,0.0618851571168555,-0.0012925064308629344,0.8774316291917688,0.878675456107719,0.0012438269159502635,0.9686619203126112,0.9525400153658333,-0.0161219049467779,0.3598724427177514,0.3575824380175987,-0.00229000470015267,0.110367532198571,0.10468408957235895,-0.005683442626212051,0.6284066772316285,0.6775244299674267,0.4441159673463903,0.9528619528619529,0.9832775919732442
COMPLETE,2,shot_noise,Noise,3,10000,0.5953,0.0,0,0,0.0,0.18406099592698266,0.18245154003413208,-0.0016094558928505809,0.816159205432257,0.8160977322109427,-6.147322131422328e-05,1.6501307485767014,1.6166135838859912,-0.0335171646907102,0.6120588334385073,0.6070495153893497,-0.005009318049157607,0.19155440809050403,0.18506043461729854,-0.006493973473205489,0.6728496016858505,0.7238095238095238,0.40590580059862125,0.9735099337748344,0.9935336723686237
COMPLETE,2,shot_noise,Noise,4,10000,0.526,0.0,0,0,0.0,0.24251564983578583,0.24115608693709323,-0.0013595628986926012,0.8031633135999744,0.8029282780638848,-0.0002350355360896117,1.8716859241150305,1.8341870046752173,-0.037498919439813205,0.695493344606886,0.6897765476256328,-0.005716796981253269,0.20504704637622093,0.19881242453682246,-0.006234621839398463,0.6821020673570192,0.7301587301587301,0.401984126984127,0.9777777777777777,0.9966887417218543
COMPLETE,2,shot_noise,Noise,5,10000,0.4102,0.0,0,0,0.0,0.3723718056463273,0.37159002953903986,-0.0007817761072874685,0.7613656109658109,0.7606308710784457,-0.0007347398873651656,2.301002541291639,2.252745761970029,-0.04825677932161021,0.8527554376505919,0.8449621756778628,-0.007793261972729115,0.2587928798681004,0.2496724891411533,-0.009120390726947092,0.6776804838023648,0.7198697068403909,0.413907284768212,0.9801648079038766,0.9966887417218543
COMPLETE,2,impulse_noise,Noise,1,10000,0.8291,0.0,0,0,0.0,0.04964009041427484,0.04833880673993121,-0.0013012836743436298,0.8563009273769615,0.8578516017601128,0.0015506743831512626,0.7579981976547217,0.7480789083717195,-0.00991928928300212,0.27888560424353837,0.27812219650183834,-0.0007634077417000285,0.0912167685148148,0.08680131095081893,-0.004415457563995875,0.6498434265187845,0.6993243243243243,0.40363048958939374,0.9514663889542111,0.9797297297297297
COMPLETE,2,impulse_noise,Noise,2,10000,0.7225,0.0,0,0,0.0,0.108205414159201,0.10684674100707749,-0.001358673152123513,0.8182817170111287,0.8201286573771004,0.001846940365971661,1.1935625764768163,1.1746544250771436,-0.018908151399672724,0.44146040273387355,0.43997149958533244,-0.0014889031485411097,0.14478632399719032,0.14103423912546287,-0.003752084871727457,0.7127998233348705,0.7702265372168284,0.34246575342465746,0.9735099337748344,0.9931506849315068
COMPLETE,2,impulse_noise,Noise,3,10000,0.6326,0.0,0,0,0.0,0.16645191571417048,0.16386904227567606,-0.0025828734384944207,0.8030042866011144,0.8050776267715769,0.0020733401704624566,1.4894335610878262,1.465866519336746,-0.023567041751080264,0.5573466957594925,0.5547189665709525,-0.002627729188539929,0.17116390908448298,0.16661080411678264,-0.004553104967700339,0.7397012284229175,0.7961165048543689,0.31249718430418527,0.9828767123287672,0.9966887417218543
COMPLETE,2,impulse_noise,Noise,4,10000,0.4558,0.0,0,0,0.0,0.31201832388649947,0.311064764809556,-0.0009535590769434443,0.778287010541094,0.7801405350193407,0.0018535244782467153,1.9111792186700216,1.8894298059269432,-0.0217494127430784,0.7333753398875711,0.7299731274283425,-0.0034022124592285596,0.16353850222472643,0.15913625866132758,-0.0044022435633988555,0.7379708853361282,0.7847682119205298,0.3443708609271523,0.9930795847750865,1.0
COMPLETE,2,impulse_noise,Noise,5,10000,0.2883,0.0,0,0,0.0,0.5324691332641643,0.5320009440229866,-0.0004681892411777522,0.7264044784193007,0.7277516165926132,0.0013471381733125565,2.353158305321313,2.3213319028962336,-0.031826402425079614,0.901698516509004,0.8950451277005433,-0.00665338880846067,0.1807112989627152,0.17086197987625262,-0.009849319086462582,0.6991490090672207,0.739413680781759,0.3966782210015726,0.9900662251655629,1.0
COMPLETE,2,defocus_blur,Blur,1,10000,0.9272,0.0,0,0,0.0,0.00908747228244225,0.008625780209881102,-0.0004616920725611477,0.9274752830215515,0.9297369072902939,0.002261624268742435,0.3264676781673974,0.3248641799733213,-0.001603498194076125,0.12110627487510967,0.12094826499106338,-0.00015800988404628125,0.033987366991012694,0.032011869661497765,-0.001975497329514929,0.49331386288150325,0.4884074183748451,0.4814314074125733,0.8851351351351351,0.9452054794520548
COMPLETE,2,defocus_blur,Blur,2,10000,0.9139,0.0,0,0,0.0,0.012542722966387171,0.01166747213976035,-0.0008752508266268201,0.9177648497289062,0.9207847975498809,0.0030199478209747,0.38290630801982567,0.38091487358178455,-0.0019914344380411175,0.14205436025667187,0.14204718386412643,-7.176392545438226e-06,0.041520660075890795,0.039644777462790895,-0.0018758826130998996,0.5075014673401798,0.5067567567567568,0.48220064724919093,0.898989898989899,0.9498327759197325
COMPLETE,2,defocus_blur,Blur,3,10000,0.8728,0.0,0,0,0.0,0.022815672063767972,0.022460491602855424,-0.0003551804609125478,0.9036127312372816,0.9041583978981838,0.0005456666609021665,0.5469509166964249,0.5435267994834853,-0.00342411721293967,0.20541829501671824,0.2050663371914015,-0.00035195782531674547,0.06222544345505957,0.05809846853902266,-0.0041269749160369115,0.5326422562120396,0.5472972972972973,0.49113509846408865,0.9143835616438356,0.9623287671232876
COMPLETE,2,defocus_blur,Blur,4,10000,0.7867,0.0,0,0,0.0,0.05594474486603487,0.056784646932196765,0.000839902066161892,0.8703764191259625,0.8684551794063888,-0.0019212397195736974,0.8916527178101856,0.8835096233850596,-0.008143094425126063,0.3389114041564077,0.3377029548778061,-0.0012084492786015866,0.10935870064646987,0.10456411919207707,-0.004794581454392793,0.556682666781114,0.5777027027027027,0.48519672652821055,0.928082191780822,0.9676375404530745
COMPLETE,2,defocus_blur,Blur,5,10000,0.6064,0.0,0,0,0.0,0.18185782468081588,0.1832963540086907,0.0014385293278748323,0.7923202221694876,0.789777351207714,-0.0025428709617736356,1.545191612498221,1.5338598492417521,-0.011331763256468896,0.5970973834518875,0.595110773073388,-0.0019866103784994538,0.1816343086288706,0.1768860319919795,-0.004748276636891091,0.5215819750158934,0.5181549791378428,0.5088822265974584,0.9297658862876255,0.976035551206784
COMPLETE,2,glass_blur,Blur,1,10000,0.473,0.0,0,0,0.0,0.30424622389302863,0.3030350806312396,-0.0012111432617890605,0.7674239281745571,0.7679694388837852,0.0005455107092281475,2.1408667430377433,2.0919420677994616,-0.0489246752382817,0.7919807041220672,0.7839595422100363,-0.00802116191203095,0.25866248966520894,0.24910592191259687,-0.009556567752612072,0.6707579372041328,0.7251655629139073,0.4243109003042778,0.9777777777777777,0.9965765073152548
COMPLETE,2,glass_blur,Blur,2,10000,0.493,0.0,0,0,0.0,0.28621320258988253,0.2827115111836471,-0.0035016914062354076,0.7703535893035035,0.7720160351428881,0.0016624458393845742,2.077167526677031,2.029176262775289,-0.04799126390174191,0.769091474593283,0.7613906680387268,-0.007700806554556183,0.25298675932047265,0.24593556155442828,-0.007051197766044376,0.6745567978123547,0.7328767123287672,0.41291058495204763,0.9765886287625418,0.9935275080906149
COMPLETE,2,glass_blur,Blur,3,10000,0.5191,0.0,0,0,0.0,0.2532431856503789,0.2508432855962479,-0.002399900054130988,0.7844012697088097,0.7861622794446569,0.001761009735847141,1.987326186502085,1.9408154062687522,-0.04651078023333288,0.732640359568371,0.7255530652240565,-0.007087294344314543,0.24392469129167296,0.23489787259819653,-0.009026818693476435,0.6711829537103674,0.7251655629139073,0.42667091362743537,0.9765886287625418,0.993485342019544
COMPLETE,2,glass_blur,Blur,4,10000,0.3959,0.0,0,0,0.0,0.4060331538090035,0.40254750769808406,-0.003485646110919449,0.7360428249848984,0.737268055339118,0.0012252303542196197,2.432366972138246,2.375113278348091,-0.05725369379015488,0.8944318564339997,0.8853121288457758,-0.00911972758822388,0.2906268917234622,0.28267966520078114,-0.007947226522681039,0.6752302850581337,0.7297297297297297,0.42816916721026305,0.9801324503311258,0.9966887417218543
COMPLETE,2,glass_blur,Blur,5,10000,0.4203,0.0,0,0,0.0,0.3646489636936438,0.36147778168772626,-0.003171182005917539,0.7585618115911603,0.76025450002834,0.0016926884371797346,2.3255431992110216,2.2698297681292865,-0.0557134310817351,0.8564457879809628,0.8473783308485138,-0.009067457132449053,0.27628690235759484,0.26634797261067933,-0.009938929746915515,0.6727617064587738,0.7198697068403909,0.42145485125617577,0.9801324503311258,0.9966555183946488
COMPLETE,2,motion_blur,Blur,1,10000,0.884,0.0,0,0,0.0,0.019771187375176094,0.019391649960250536,-0.0003795374149255584,0.9047108558277422,0.905599254953971,0.0008883991262287338,0.513783858659019,0.510008624912271,-0.0037752337467480412,0.19236894414410555,0.19198642523168283,-0.00038251891242271907,0.05948025684192487,0.056898716624837614,-0.002581540217087258,0.5386536262567019,0.5510204081632653,0.47808555175353984,0.9149659863945578,0.9595959595959596
COMPLETE,2,motion_blur,Blur,2,10000,0.8123,0.0,0,0,0.0,0.04592996083615559,0.046396405005010945,0.00046644416885535667,0.8746487066100316,0.8731815203263672,-0.001467186283664379,0.8100909804264178,0.801493242157153,-0.008597738269264799,0.3034709483394407,0.30231224385504246,-0.0011587044843982541,0.09891946956213553,0.09482538253976598,-0.004094087022369547,0.5617520441971676,0.5825079271681213,0.48646562140688276,0.9297658862876255,0.9688581314878892
COMPLETE,2,motion_blur,Blur,3,10000,0.7404,0.0,0,0,0.0,0.08474446661004095,0.08567970481299701,0.0009352382029560596,0.8419773095623987,0.8394689311320496,-0.002508378430349123,1.106561738735793,1.0940494938133312,-0.012512244922461946,0.41581165729330943,0.4140884879663786,-0.0017231693269308401,0.14027200883248622,0.13719551002223296,-0.003076498810253264,0.5746991133998431,0.6058631921824105,0.47500925583117365,0.9421768707482994,0.976035551206784
COMPLETE,2,motion_blur,Blur,4,10000,0.742,0.0,0,0,0.0,0.08441867660725239,0.08463270773318936,0.0002140311259369726,0.8409038529848096,0.8395124741427945,-0.001391378842015123,1.1023620847232254,1.089340127113907,-0.013021957609318457,0.4126254031104784,0.41078783811863334,-0.0018375649918450643,0.13681158101210295,0.13256746520088178,-0.004244115811221166,0.567521880182265,0.5904761904761905,0.48027800142287885,0.9385377451951655,0.9741934580799755
COMPLETE,2,motion_blur,Blur,5,10000,0.6683,0.0,0,0,0.0,0.13361264785256743,0.1344429888526823,0.0008303410001148648,0.8146563680514244,0.813020776216148,-0.0016355918352763954,1.3724972540098817,1.3565313203594895,-0.015965933650392117,0.516888914840731,0.5145137953737542,-0.0023751194669767717,0.16618755936346685,0.1610451126619925,-0.005142446701474346,0.5639918330149217,0.5787671232876712,0.48532001056431023,0.9431438127090301,0.9795918367346939
COMPLETE,2,zoom_blur,Blur,1,10000,0.8571,0.0,0,0,0.0,0.027985947912347035,0.027939578277610132,-4.636963473690289e-05,0.895038430484622,0.8944612730986445,-0.0005771573859774115,0.6064969876263916,0.6031773373787214,-0.003319650247670225,0.2299291816892448,0.22961493941226171,-0.0003142422769830955,0.06657195887584458,0.06369357765731973,-0.0028783812185248503,0.5562567962973574,0.5816326530612245,0.46937598568839306,0.9206349206349206,0.9657534246575342
COMPLETE,2,zoom_blur,Blur,2,10000,0.8347,0.0,0,0,0.0,0.036590616628735105,0.03652927369713811,-6.134293159699294e-05,0.8832309205280835,0.8831623578347845,-6.856269329902354e-05,0.708583663395179,0.7031736721600108,-0.005409991235168166,0.2686212502108919,0.26793454046150494,-0.000686709749386949,0.08632631758062673,0.08182280045159945,-0.0045035171290272735,0.560506595435225,0.581016731016731,0.4761821987266714,0.9285714285714286,0.9698996655518395
COMPLETE,2,zoom_blur,Blur,3,10000,0.7832,0.0,0,0,0.0,0.058084309515392146,0.058151574576457844,6.726506106569802e-05,0.8679086225872473,0.8676566758006701,-0.00025194678657725067,0.9039730691557084,0.8956713528545274,-0.008301716301181039,0.344000776228335,0.3428460844032186,-0.0011546918251164051,0.10659755003923603,0.10312210276609146,-0.003475447273144569,0.5674648737887754,0.5873015873015873,0.47403565484649707,0.935374149659864,0.9735099337748344
COMPLETE,2,zoom_blur,Blur,4,10000,0.734,0.0,0,0,0.0,0.08430590706596226,0.08443051187034437,0.00012460480438210297,0.8517182090102642,0.8509911188051873,-0.0007270902050768857,1.0868871879666222,1.075725682515193,-0.011161505451429132,0.41405374714838444,0.4122352999766549,-0.0018184471717295203,0.12962790925207013,0.12546531783094114,-0.004162591421128986,0.5735481338382499,0.5993265993265994,0.48494154943530815,0.9452054794520548,0.9797297297297297
COMPLETE,2,zoom_blur,Blur,5,10000,0.654,0.0,0,0,0.0,0.14027360601956063,0.139901747599543,-0.00037185842001763447,0.8191274239451308,0.818827270156087,-0.00030015378904379997,1.3922907543254377,1.375444798848265,-0.016845955477172714,0.5302685673015954,0.5272836006844195,-0.002984966617175955,0.16801107834685247,0.1616797898113994,-0.006331288535453061,0.5623500864163632,0.5777027027027027,0.4857142857142857,0.9411764705882353,0.9797297297297297
COMPLETE,2,snow,Weather,1,10000,0.8662,0.0,0,0,0.0,0.028944637335824478,0.027686881310174563,-0.001257756025649915,0.8871238531682636,0.8895449567704447,0.002421103602181063,0.5940108415528342,0.5872442921550595,-0.006766549397774768,0.22001841159635982,0.21937713289584562,-0.0006412787005141973,0.07002317800633992,0.06720442699230533,-0.0028187510140345873,0.5883930978977125,0.6223356009070296,0.4448688416871544,0.9315960912052117,0.9665551839464883
COMPLETE,2,snow,Weather,2,10000,0.7665,0.0,0,0,0.0,0.0747090249360045,0.07175265767576375,-0.002956367260240747,0.8492963510827463,0.8513153730002753,0.002019021917529007,1.0016239597261558,0.9862161131403447,-0.01540784658581107,0.37042340868442897,0.3686502435156457,-0.0017731651687832861,0.1188895051591496,0.11439322496436707,-0.004496280194782529,0.6378132182419749,0.6858108108108109,0.42214532871972316,0.9546925566343042,0.9832775919732442
COMPLETE,2,snow,Weather,3,10000,0.807,0.0,0,0,0.0,0.05230576009715976,0.050460557125752106,-0.0018452029714076529,0.8652818280460477,0.8673478179915378,0.002065989945490121,0.8381477710746962,0.826778805605203,-0.011368965469493175,0.310967603293551,0.3097356382700358,-0.0012319650235151913,0.09995963891713167,0.09618838486236451,-0.003771254054767151,0.6368814680883246,0.6872964169381107,0.41474241231522785,0.9495287321374279,0.9801324503311258
COMPLETE,2,snow,Weather,4,10000,0.782,0.0,0,0,0.0,0.06299961123625643,0.06161699349798456,-0.00138261773827187,0.8599964804429949,0.8616812923813322,0.0016848119383372495,0.9361019054465609,0.9225443208023,-0.013557584644260934,0.34844560493653753,0.34670847257632786,-0.00173713236020967,0.11190318773391311,0.10647077384046896,-0.005432413893444149,0.6495476515529659,0.6989966555183946,0.4106611078022632,0.958904109589041,0.986159169550173
COMPLETE,2,snow,Weather,5,10000,0.739,0.0,0,0,0.0,0.08909277784542048,0.0868924026907764,-0.0022003751546440797,0.8429698411957757,0.8437241483002298,0.0007543071044541216,1.1055243593142363,1.0884971822090266,-0.017027177105209734,0.4104904340062384,0.4081642872613979,-0.002326146744840496,0.13058143807872102,0.12490985833540197,-0.005671579743319055,0.6456323740249763,0.6938110749185668,0.423080090214974,0.9599060887284327,0.9866220735785953
COMPLETE,2,frost,Weather,1,10000,0.884,0.0,0,0,0.0,0.02044824252526844,0.01949103505863049,-0.0009572074666379486,0.9034083905445467,0.9057296380090497,0.002321247464503018,0.5176715464566093,0.5131382496260941,-0.004533296830515177,0.19233323924254056,0.19201370053492134,-0.0003195387076192213,0.05963490259418101,0.057988010930047074,-0.0016468916641339398,0.5626260559087867,0.5858585858585859,0.47028816594033984,0.926984126984127,0.9665551839464883
COMPLETE,2,frost,Weather,2,10000,0.8249,0.0,0,0,0.0,0.039436596863569255,0.03877044968892085,-0.0006661471746484057,0.8845500473933846,0.8862297761167113,0.0016797287233266678,0.7613307597994533,0.7510226967322781,-0.010308063067175244,0.2821033603098835,0.2809115166142675,-0.0011918436956159795,0.08922658756363716,0.08520803398120717,-0.004018553582429987,0.605380767747811,0.6470588235294118,0.4523126976543126,0.9511400651465798,0.9797331422331421
COMPLETE,2,frost,Weather,3,10000,0.7233,0.0,0,0,0.0,0.08986480423859197,0.08763482132597546,-0.0022299829126165155,0.8570883730658446,0.8581139699678886,0.001025596902043957,1.1545813437974641,1.1360848070142107,-0.01849653678325347,0.4289511690487969,0.4264565824224501,-0.002494586626346773,0.1337227149067053,0.12869790337290918,-0.0050248115337961086,0.6277337823764461,0.6711213243496497,0.45186053780797364,0.9609120521172638,0.9867549668874173
COMPLETE,2,frost,Weather,4,10000,0.7002,0.0,0,0,0.0,0.10289756976953406,0.10174838155237471,-0.0011491882171593415,0.8496765148011652,0.8507871285798644,0.0011106137786991432,1.2510948418772332,1.2289365310973426,-0.02215831077989061,0.4613917915680462,0.4585707056485751,-0.0028210859194711113,0.14328833618584416,0.13736995615984565,-0.00591838002599851,0.6280547315630407,0.6756756756756757,0.44597363936406587,0.958904109589041,0.9869706840390879
COMPLETE,2,frost,Weather,5,10000,0.5954,0.0,0,0,0.0,0.17712395289446178,0.17467342220635085,-0.0024505306881109357,0.8264850092262794,0.8264852998046814,2.9057840200685803e-07,1.6462641165967373,1.6155626468569764,-0.030701469739760956,0.6082729500520724,0.6037188529415622,-0.004554097110510136,0.18856978002011393,0.18146360882644325,-0.007106171193670685,0.6211284090508717,0.6634920634920635,0.45595184529635463,0.9609120521172638,0.9898648648648649
COMPLETE,2,fog,Weather,1,10000,0.9261,0.0,0,0,0.0,0.009315947381666823,0.00900731141279653,-0.00030863596887029283,0.9270304165225599,0.9290238766640965,0.0019934601415365627,0.33061549069834323,0.3293311906847372,-0.0012843000136060212,0.12195050530990281,0.12193078438559028,-1.972092431253014e-05,0.033324649598056304,0.03134707679182443,-0.0019775728062318768,0.4975853808568584,0.49838187702265374,0.48407166491353215,0.8892530685391612,0.9464882943143813
COMPLETE,2,fog,Weather,2,10000,0.9134,0.0,0,0,0.0,0.011786392928079287,0.011721226967279612,-6.51659607996749e-05,0.9210899458966347,0.9226736286169838,0.0015836827203490333,0.38510882448367884,0.38345440050549146,-0.0016544239781873804,0.14276554453397433,0.14274578945095986,-1.97550830144666e-05,0.04053943841114349,0.03895524680763461,-0.0015841916035088804,0.5115218737543326,0.5099337748344371,0.4938940550707651,0.9013832199546487,0.9527106652106652
COMPLETE,2,fog,Weather,3,10000,0.8912,0.0,0,0,0.0,0.018051968597480636,0.017394778286447372,-0.0006571903110332636,0.9091209019233815,0.9113900251808532,0.00226912325747175,0.47635927926083815,0.47299158363174265,-0.003367695629095502,0.17728794177184048,0.1769548716224535,-0.00033307014938699364,0.05293108838622673,0.05029639769861374,-0.0026346906876129894,0.525786693745967,0.5339805825242718,0.4919334962172357,0.9096989966555183,0.9565217391304348
COMPLETE,2,fog,Weather,4,10000,0.8535,0.0,0,0,0.0,0.02878925686138864,0.02805072505874695,-0.0007385318026416898,0.8996211943992914,0.9019847206143745,0.002363526215083067,0.6229216385217392,0.6167218110210643,-0.006199827500674937,0.23353964707511726,0.23267254449415806,-0.0008671025809592059,0.07150901364607505,0.06809669237881591,-0.0034123212672591413,0.5524407218784743,0.5695578559334749,0.4814814814814815,0.9204371944856374,0.9662162162162162
COMPLETE,2,fog,Weather,5,10000,0.686,0.0,0,0,0.0,0.11352955649403232,0.11170490993553239,-0.001824646558499926,0.8431803959072255,0.8435775101669422,0.0003971142597166688,1.267752301031737,1.2517401269754123,-0.016012174056324824,0.4779638390641922,0.47546652752010304,-0.0024973115440891647,0.14535157773128693,0.14181712219580522,-0.0035344555354817064,0.5768139687697564,0.5986622073578596,0.4703662286832542,0.9489795918367347,0.9798047363264754
COMPLETE,2,brightness,Weather,1,10000,0.9273,0.0,0,0,0.0,0.008842993690619307,0.008460411296869629,-0.00038258239374967806,0.9295162732287953,0.9322567730395933,0.002740499810798047,0.3233889906628398,0.3217523539381337,-0.001636636724706153,0.11952470592987666,0.11936076325869967,-0.00016394267117698924,0.033428979177195325,0.03138281395138536,-0.0020461652258099636,0.5000484025346987,0.5016835016835017,0.4810489060489061,0.8929765886287625,0.9431438127090301
COMPLETE,2,brightness,Weather,2,10000,0.9256,0.0,0,0,0.0,0.009379989778200364,0.008940397967180812,-0.00043959181101955146,0.9259065320024907,0.9289596228194905,0.0030530908169997817,0.3369880034785691,0.33498494255836325,-0.002003060920205857,0.1239166020945183,0.12377080069347407,-0.00014580140104422656,0.035432813455885455,0.032883526179707245,-0.0025492872761782095,0.5080580466639018,0.5099337748344371,0.4755920415529536,0.8956228956228957,0.9459459459459459
COMPLETE,2,brightness,Weather,3,10000,0.9203,0.0,0,0,0.0,0.010593312446827093,0.009838533110488814,-0.000754779336338279,0.9226438762876816,0.9266599416397823,0.0040160653521006395,0.3597972423818694,0.35732407346013445,-0.002473168921734936,0.13241161278309266,0.1321906505774792,-0.00022096220561346192,0.03862102324884968,0.03612773097008316,-0.002493292278766518,0.5200954511670534,0.5259515570934256,0.4764172335600907,0.8996763754045307,0.9515570934256056
COMPLETE,2,brightness,Weather,4,10000,0.9128,0.0,0,0,0.0,0.01235554798038785,0.011535060451711184,-0.0008204875286766666,0.9192501246291277,0.922321127049345,0.0030710024202172947,0.3920780467108387,0.3891727672141588,-0.0029052794966799023,0.14419509247421292,0.14400444364756462,-0.00019064882664829308,0.04202292828807584,0.03956625753759642,-0.0024566707504794227,0.5301986966295326,0.54421768707483,0.4777073786589358,0.9015873015873016,0.9528619528619529
COMPLETE,2,brightness,Weather,5,10000,0.8898,0.0,0,0,0.0,0.018738168870625457,0.018015900587033028,-0.0007222682835924289,0.9055737152540243,0.9072791699760014,0.0017054547219771399,0.49436878059928757,0.4898698046561198,-0.004498975943167782,0.18250476989634676,0.18219887369500007,-0.00030589620134668927,0.05699894370543411,0.05468252069393742,-0.0023164230114966905,0.5578630963619781,0.5816326530612245,0.4768350147054173,0.9191919191919192,0.9623415804678034
COMPLETE,2,contrast,Digital,1,10000,0.9241,0.0,0,0,0.0,0.010052433119073032,0.009639914199998042,-0.00041251891907499033,0.9214302303747732,0.9237864024377812,0.0023561720630079774,0.3464478939744438,0.34455044686020236,-0.0018974471142414462,0.1268105147007894,0.12674663766328045,-6.387703750895812e-05,0.03625395506328528,0.03326937044447098,-0.002984584618814297,0.494423700171887,0.4916387959866221,0.48534201954397393,0.8929765886287625,0.9446254071661238
COMPLETE,2,contrast,Digital,2,10000,0.8804,0.0,0,0,0.0,0.02239013602334084,0.02140337291763447,-0.0009867631057063724,0.8994884318316848,0.9020245244256562,0.002536092593971362,0.5296179975065634,0.5251607398865766,-0.004457257619986721,0.19633373598104706,0.19587988311956595,-0.00045385286148111326,0.06342174872815674,0.05991051388078254,-0.0035112348473742006,0.5155674150449623,0.5132450331125827,0.4987033584088814,0.9149659863945578,0.9595959595959596
COMPLETE,2,contrast,Digital,3,10000,0.8328,0.0,0,0,0.0,0.041351855332418586,0.039833202095541795,-0.0015186532368767908,0.8740979873051766,0.8762332294582409,0.002135242153064265,0.737947492319488,0.7302944544064336,-0.0076530379130543835,0.2726243853033838,0.2719317411799784,-0.0006926441234053615,0.08772080934042781,0.08435732323109678,-0.003363486109331029,0.5335471834517639,0.5449875466998755,0.497854124482789,0.918918918918919,0.9611650485436893
COMPLETE,2,contrast,Digital,4,10000,0.7218,0.0,0,0,0.0,0.09990727076694678,0.0988359315208226,-0.001071339246124181,0.8350630732060336,0.8341519892257535,-0.0009110839802800585,1.1905611764276167,1.1757383424611947,-0.014822833966422033,0.44185554512694253,0.4400067276203943,-0.0018488175065482504,0.14677250054497806,0.14243886480219414,-0.00433363574278392,0.5541734695487683,0.569023569023569,0.5005327245053273,0.9364601581992887,0.97394980129239
COMPLETE,2,contrast,Digital,5,10000,0.339,0.0,0,0,0.0,0.5015598865382768,0.5033014624678223,0.0017415759295454913,0.6804405142829092,0.6778075143141481,-0.002632999968761096,2.485666154558024,2.4606201502734626,-0.025046004284561274,0.9469901151565818,0.942466945750977,-0.004523169405604821,0.2835620979031559,0.2793971093053121,-0.004164988597843811,0.42296217135984,0.3716216216216216,0.5125027179821701,0.8929765886287625,0.9628378378378378
COMPLETE,2,elastic_transform,Digital,1,10000,0.8793,0.0,0,0,0.0,0.022709012877366052,0.021964046517297105,-0.0007449663600689466,0.8962065083216098,0.8978246893877229,0.0016181810661131113,0.5310948592723175,0.5275738602425541,-0.0035209990297633276,0.19885956147471984,0.19872045793620816,-0.00013910353851168122,0.06185707969602436,0.059109510536274015,-0.002747569159750343,0.5580832960703948,0.5787671232876712,0.4656843649029538,0.9191919191919192,0.962844094094094
COMPLETE,2,elastic_transform,Digital,2,10000,0.8771,0.0,0,0,0.0,0.022395381995073165,0.02168864138752205,-0.0007067406075511144,0.9005718137448852,0.9017713062287613,0.0011994924838761856,0.5385426486762355,0.5349432318995885,-0.003599416776646991,0.20322131202450566,0.20292932590880214,-0.0002919861157035242,0.06612759888785368,0.06311799426703531,-0.003009604620818368,0.5536436461175389,0.5746031746031746,0.4735750594547074,0.9212328767123288,0.9628378378378378
COMPLETE,2,elastic_transform,Digital,3,10000,0.8451,0.0,0,0,0.0,0.03271858025804999,0.032458213417937004,-0.0002603668401129841,0.8883108404741449,0.8880844184441063,-0.00022642203003853112,0.6590309140002587,0.6542599290838454,-0.004770984916413257,0.24992848993358716,0.24926167850255188,-0.0006668114310352802,0.07624978028833534,0.07263664792313469,-0.0036131323652006525,0.5705994693404588,0.6026936026936027,0.46830427535252517,0.9331103678929766,0.972318339100346
COMPLETE,2,elastic_transform,Digital,4,10000,0.769,0.0,0,0,0.0,0.06781869918717645,0.06761591854757178,-0.0002027806396046744,0.8544190746401409,0.8539700741391248,-0.00044900050101603917,0.9666109891725049,0.9569089028831057,-0.00970208628939917,0.3685016611999209,0.36709221260483693,-0.001409448595083962,0.11847896647984271,0.11486710549761005,-0.0036118609822326647,0.6265708800641283,0.6734006734006734,0.448844640627385,0.9587301587301588,0.9832775919732442
COMPLETE,2,elastic_transform,Digital,5,10000,0.7076,0.0,0,0,0.0,0.11140755043888807,0.11078357884304137,-0.0006239715958467063,0.8209674288688222,0.8206461177027373,-0.0003213111660849144,1.2116390881001429,1.1959134875381932,-0.015725600561949715,0.4588479609484775,0.4568565274302953,-0.0019914335181822063,0.14289684001963257,0.1393633099357111,-0.00353353008392146,0.6745857014890713,0.7328767123287672,0.40625484506855075,0.972972972972973,0.98989898989899
COMPLETE,2,pixelate,Digital,1,10000,0.903,0.0,0,0,0.0,0.015601197384934165,0.01485801399895452,-0.0007431833859796455,0.9106838602139489,0.9127007340936855,0.0020168738797365915,0.4342198707252277,0.43133214461189157,-0.002887726113336153,0.1610014589380652,0.16072788429380047,-0.00027357464426472355,0.049973011900034794,0.04726099626375388,-0.002712015636280915,0.5377765559470703,0.5488215488215489,0.4782793925651069,0.9143835616438356,0.9609120521172638
COMPLETE,2,pixelate,Digital,2,10000,0.8559,0.0,0,0,0.0,0.03266523233257049,0.030428322099235267,-0.002236910233335221,0.8837081290424899,0.8876650694744946,0.003956940432004785,0.6369419521029076,0.630180897484779,-0.006761054618128592,0.23493926171882676,0.23459305826985155,-0.0003462034489752075,0.0725793885319171,0.07094824792949006,-0.001631140602427042,0.570200596665448,0.5986622073578596,0.47006815382720735,0.935374149659864,0.9741346894744949
COMPLETE,2,pixelate,Digital,3,10000,0.8009,0.0,0,0,0.0,0.05618759860220507,0.05203387760731755,-0.004153720994887519,0.8661188483398166,0.8703056876182552,0.004186839278438659,0.8666813420186465,0.8535525676665471,-0.01312877435209947,0.319699220715099,0.31824278741237233,-0.0014564333027266563,0.10370721605454719,0.10069475458020065,-0.003012461474346542,0.5905016294729918,0.6321070234113713,0.46412572586653084,0.9411764705882353,0.9773462783171522
COMPLETE,2,pixelate,Digital,4,10000,0.6358,0.0,0,0,0.0,0.16542493232243086,0.15757393614902143,-0.007850996173409425,0.8039487324059472,0.8078507292934707,0.0039019968875234623,1.6102681376492698,1.5748412944830525,-0.03542684316621725,0.5827667858406992,0.5784938761036617,-0.0042729097370375335,0.2081907293943201,0.20274525947510924,-0.005445469919210855,0.6196070248043791,0.6622073578595318,0.453668372886614,0.9619047619047619,0.9897260273972602
COMPLETE,2,pixelate,Digital,5,10000,0.4691,0.0,0,0,0.0,0.3242135104294394,0.3124622714547011,-0.011751238974738287,0.7640151974025277,0.7678386802009707,0.003823482798443023,2.304619867929415,2.250707809104213,-0.053912058825202,0.821710256951357,0.8151101355558729,-0.00660012139548416,0.2887876065646887,0.28104019289612736,-0.007747413668561354,0.601763478344849,0.643598615916955,0.47371889932443567,0.9623287671232876,0.9902912621359223
COMPLETE,2,jpeg_compression,Digital,1,10000,0.8482,0.0,0,0,0.0,0.036120016652738784,0.034367052956956405,-0.0017529636957823794,0.8802925764829745,0.8827008383870485,0.0024082619040739495,0.6705709498053889,0.6621120561260463,-0.008458893679342605,0.24693919225470587,0.24608925055775785,-0.00084994169694802,0.07711626453801025,0.07431489365295726,-0.0028013708850529867,0.5862424542231148,0.6216216216216216,0.46429880423328906,0.9417905026088107,0.9735099337748344
COMPLETE,2,jpeg_compression,Digital,2,10000,0.7919,0.0,0,0,0.0,0.061470171249831854,0.05917290357388756,-0.0022972676759442923,0.8534751091951613,0.8560140305747058,0.0025389213795444787,0.911394438411,0.8972572940278553,-0.014137144383144729,0.3364815237935965,0.33495278561822933,-0.0015287381753671947,0.1111043072268243,0.1072649666141895,-0.0038393406126348006,0.627387146511663,0.6730158730158731,0.4341492643085853,0.9524131274131274,0.9831081081081081
COMPLETE,2,jpeg_compression,Digital,3,10000,0.7688,0.0,0,0,0.0,0.07301218690167384,0.070260492152575,-0.0027516947490988375,0.8487071704791362,0.8510471876361488,0.002340017157012597,1.003187400564402,0.9871463308821807,-0.016041069682221187,0.3732929800138397,0.37118565828033845,-0.002107321733501255,0.12466279215239824,0.11989078508222081,-0.004772007070177428,0.6342156591327662,0.6835016835016835,0.4368503396986648,0.9595959595959596,0.986159169550173
COMPLETE,2,jpeg_compression,Digital,4,10000,0.7474,0.0,0,0,0.0,0.08711779981200789,0.08434690214104965,-0.0027708976709582417,0.8350964790900351,0.8375300937681878,0.002433614678152618,1.0967984156044956,1.0782766242350204,-0.018521791369475293,0.40642656471570754,0.40405285559060505,-0.0023737091251024856,0.1371699396711486,0.1323932228203668,-0.0047767168507817925,0.6506848235201245,0.7022653721682848,0.4158213122382504,0.9619377162629758,0.9866220735785953
COMPLETE,2,jpeg_compression,Digital,5,10000,0.7063,0.0,0,0,0.0,0.11173904319876783,0.11022251318538831,-0.0015165300133795218,0.8236477278692844,0.8253137974967354,0.0016660696274509723,1.2561493599730589,1.2339658033186256,-0.02218355665443328,0.4659911639136396,0.4629893983012378,-0.0030017656124017855,0.1570958597278983,0.15140949494145264,-0.005686364786445658,0.6657791256550231,0.7195945945945946,0.41065054108532373,0.9688581314878892,0.9902311754846462
